PID,A_ES_R,A_E_R,A_CHK_I_R,A_N_R,A_CHK_O_R,A_M_R,A_ES_L,A_E_L,A_CHK_I_L,A_N_L,A_CHK_O_L,A_M_L
SP0249224,0.04423429528061225,0.005171795280612245,0.03829520089285714,0.013990752551020422,0.054597815688775524,0.007892219387755105,0.058683434311224476,0.0058294802295918375,0.05554448341836734,0.02451371173469389,0.08229033801020408,0.010263871173469396
SP0308612,0.044981640146878825,0.005711954304365562,0.04003467972256221,0.014160886712906332,0.06400448796409627,0.017288861689106483,0.05021759825921393,0.005898952808377532,0.046528627770977854,0.017526859785121685,0.07782537739698084,0.017866857065143488
SP0113255,0.034884305835010065,0.007922535211267609,0.04253018108651911,0.013480885311871242,0.059909456740442665,0.013179074446680077,0.04572434607645875,0.008928571428571428,0.054778672032193165,0.02205734406438631,0.08302313883299799,0.01690140845070422
SP0115723,0.06258442658607506,0.006319115323854659,0.04044462760720746,0.014504201295876547,0.0644046065434897,0.019003136662316546,0.0571582297318955,0.005735284016759392,0.04065068571559402,0.016324381253291192,0.06525173432241226,0.019151956407262395
SP0261856,0.06519642437073629,0.008080451658433309,0.05177605269348386,0.020465772759350773,0.08617972241825454,0.018148670900964472,0.06007998118089861,0.00756292637026582,0.04700070571630205,0.01831333803810867,0.07858151023288636,0.01663138085156434
SP0143538,0.05061412255257433,0.006163886874546776,0.03783312182741116,0.013540155910079791,0.06052846265409718,0.016894035532994935,0.05850027193618565,0.006741751269035532,0.04198014865844816,0.018310369833212464,0.07630076142131978,0.018321700507614228
SP0165202,0.036608036608036604,0.005005005005005005,0.03442013442013441,0.014643214643214632,0.04663234663234665,0.00872300872300872,0.04248534248534249,0.004661804661804662,0.04076934076934078,0.02093522093522094,0.06517946517946517,0.009209209209209208
SP0044634,0.048716346404207675,0.008839764620111441,0.04885955319481331,0.01623444253502057,0.06968963182836015,0.013682757902411073,0.05519970837889913,0.008488257043170338,0.054379524032703234,0.020908191428422637,0.07218924126438576,0.015674634171744
SP0153336,0.05479838215467583,0.008947174898884667,0.04602279691138619,0.01729378600318667,0.05326633165829141,0.012415737222698855,0.0510969481554112,0.009817379580830987,0.04476038730236549,0.018997426155166062,0.060068635862238,0.012955018997426161
SP0207601,0.05492590523319232,0.0076356186979540785,0.047170564290845235,0.014140527309974211,0.07361587783010085,0.010708489637374622,0.0572671402346556,0.007555803868358741,0.04762284832521884,0.015191422566312805,0.07789927368505066,0.011094261313752093
SP0066313,0.05121657090161027,0.006419805632404059,0.042845995601901096,0.017911612399801373,0.0798042136624814,0.016918493296446055,0.043484429311200966,0.005533092147265376,0.035113854011491814,0.011740086543236165,0.058629495637369654,0.01727317869050153
SP0048690,0.052387818946133535,0.007918662625867628,0.044884641704956506,0.016961579822074503,0.07636376967445492,0.011499169029230628,0.04965050347052498,0.00758871834978981,0.041426336885326036,0.015886205885228245,0.06986264541988464,0.011328086812005093
SP0377414,0.05063306852035749,0.006417576961271104,0.036134558093346564,0.010203574975173811,0.05499006951340611,0.009880834160873882,0.06225173783515392,0.007323733862959287,0.04920556107249257,0.02017130089374377,0.07617924528301886,0.012375868917576957
SP0012045,0.03599142132969389,0.006170793527003312,0.03991031390134529,0.01659192825112111,0.0556541236108403,0.0062195359719243466,0.049239617859231824,0.006726457399103138,0.055039968804835235,0.02829986352115422,0.08354455059465785,0.007701306297523885
SP0212142,0.057823730411217154,0.005154942853776361,0.03443501826322611,0.01337339460351124,0.06418640273359259,0.01198892423706845,0.059149287145045366,0.00503711558854719,0.03393425238600212,0.011488158359844463,0.06374455048898316,0.011252503829386126
SP0081382,0.05073260073260075,0.005837912087912086,0.03589743589743589,0.015819597069597062,0.07099358974358976,0.01652930402930404,0.05006868131868132,0.005357142857142856,0.033791208791208796,0.014674908424908413,0.06872710622710622,0.017307692307692295
SP0112105,0.05528177277146402,0.00792852593114084,0.04162057058567165,0.016862784538536336,0.07662006771933351,0.023366522511649758,0.059338227899024445,0.007710617184618997,0.042274296825237194,0.01468369707331791,0.07965402795936839,0.022260216567769633
SP0099111,0.05726369495166487,0.006310418904403871,0.04971133190118152,0.02013963480128895,0.07439916756176157,0.015255773361976376,0.05701194951664876,0.005991541353383459,0.04969454887218044,0.017320085929108494,0.07119360902255639,0.01569213211600429
SP0374870,0.03826321820265183,0.007550335570469799,0.04337862170568014,0.014425437878539858,0.06600916680307742,0.014773285316745776,0.04616140121132756,0.007857259780651493,0.047573252578163375,0.014773285316745792,0.07235226714683254,0.015468980193157646
SP0111847,0.04720447037757402,0.005680590287425516,0.046123923312031134,0.022923034176160054,0.08996326139977152,0.01730418943533696,0.032370102806335094,0.004893334568244265,0.032370102806335094,0.009200086443765241,0.05595690160847149,0.01234910932049025
SP0308379,0.05717473155766284,0.008343792125691436,0.041893273834425704,0.014549342258169472,0.07644215125737926,0.017082694184911453,0.05783712174034305,0.008157858039325061,0.0407311857946358,0.016176265513875337,0.07444335982894064,0.017257007390879948
SP0080976,0.043752890841813136,0.006085222016651252,0.03918536077705827,0.013890494912118405,0.07134597594819608,0.01360141073080481,0.038477104532839965,0.005709412580943571,0.037667668825161885,0.013673681776133212,0.06051977335800184,0.011650092506938027
SP0115896,0.048117154811715496,0.010840623811335109,0.05278085567334251,0.016645442968892105,0.07055914796500569,0.008012634990986821,0.04767889923429309,0.010203912878098798,0.05766781881026013,0.022566027750673935,0.08510427175153389,0.008814725387401396
SP0259785,0.05747508305647841,0.006435338993478526,0.03786144948935644,0.01876461178786761,0.06344284483819372,0.025827488618186283,0.06382428940568476,0.006902916205241787,0.04141749723145071,0.019539805586317228,0.06881998277347114,0.02671342438784299
SP0088992,0.05595489781536291,0.007751937984496124,0.04190073492399073,0.014356186449209694,0.08808013691734626,0.014446793516560953,0.05063928319742274,0.00786267995570321,0.04094432699083862,0.017698580489278175,0.08362025571327895,0.01392328601630927
SP0074828,0.04832431989511635,0.011799410029498528,0.0499221566699443,0.023414454277286147,0.08165355621107834,0.008654949196984604,0.04957391019337922,0.012454932808915114,0.05026016060308096,0.021109882005899673,0.08461365126188136,0.009771386430678458
SP0332475,0.05375198613317925,0.00826953632818142,0.04230463671818577,0.015419615773508616,0.06816047956088395,0.013054311714574607,0.05463671818575761,0.00845009388993211,0.04701718907987866,0.01760436227069188,0.07057995088834321,0.01249458327314747
SP0033921,0.05573905862923204,0.008471725234731015,0.04177753310701288,0.02072055540263633,0.06399669694467378,0.0230602195920115,0.06436370309202678,0.008150594855797168,0.046227482643667626,0.019803040034253882,0.0759855644248708,0.026638529528702937
SP0052502,0.049636230864932115,0.007870395412992911,0.054220533347757886,0.024233244982961,0.08766971385297777,0.016471033699356305,0.04069751717423054,0.007187483096229784,0.04369962676475361,0.012718396711202468,0.06137420890355384,0.013590631254394983
SP0107608,0.04416447079490558,0.009112867808519979,0.040294246815985965,0.016578831796223104,0.06332345191040843,0.014629995608256488,0.04995608256477821,0.009442248572683352,0.044960474308300385,0.018582564778216952,0.07364404918752743,0.01756697408871322
SP0017021,0.04433497536945814,0.007811400422237862,0.04431151771053248,0.016608022519352585,0.06584564860426935,0.01459066385174759,0.04201266713581985,0.007342247243725076,0.04496833216045039,0.01649073422472436,0.06727656579873328,0.013886934083978425
SP0091539,0.049645885751560884,0.007757897679619792,0.04016401080980336,0.015678874289441782,0.0799552697791445,0.010856397353461928,0.053769452986674134,0.00861988631068866,0.0435187773739633,0.017216475631348434,0.08452147982480662,0.010949585313577478
SP0207184,0.05088783403656821,0.0045622362869198315,0.03326300984528833,0.016587552742616047,0.060724331926863565,0.011374824191279888,0.05049226441631505,0.004720464135021096,0.033588255977496484,0.017809423347398018,0.05805203938115333,0.011216596343178613
SP0363734,0.05454545454545455,0.006114718614718617,0.0437950937950938,0.019047619047619077,0.070959595959596,0.009794372294372295,0.061165223665223666,0.006655844155844151,0.05099206349206351,0.02582972582972582,0.07886002886002887,0.010191197691197685
SP0319906,0.049133220275108344,0.009500031405062498,0.046338169712957726,0.019188493185101414,0.07369197914703852,0.010552100998680996,0.042867910307141516,0.008086803592739151,0.03878525218265186,0.013645499654544308,0.06284153005464482,0.008714904842660645
SP0232145,0.05091691301944385,0.005864397817674911,0.03637609056168432,0.01838632922344798,0.07033672218617061,0.011921070973634236,0.05750234335568535,0.006297017328814862,0.03797437931117359,0.012774292787271381,0.07096161703559498,0.012594034657629724
SP0039470,0.04948712581117856,0.007850115135021984,0.04665410648245061,0.022126857860581953,0.07702881864489569,0.01498848649780197,0.04638894703788989,0.007878026655502059,0.04520968529760659,0.018658851440932236,0.07670085827925477,0.015407159305003148
SP0125557,0.042632204396910275,0.006451065274594689,0.039533995416348354,0.014896867838044305,0.06283422459893048,0.014514896867838049,0.054897716662422553,0.007554536966301671,0.04570919276801629,0.020371785077667424,0.07758254817078349,0.016912825736355143
SP0261850,0.047645166008483265,0.0058505192335819795,0.0333113938862074,0.011627906976744198,0.06137560333479594,0.014297206377065955,0.05640266198625128,0.0047535468772853615,0.040752523036419484,0.01579640193067133,0.06901784408366242,0.014681146701769782
SP0064509,0.04130931961120641,0.008923466470636285,0.044086416727926174,0.014518500367556964,0.07122437311116556,0.013517928612268224,0.03922649677366659,0.008555909499305726,0.04535244629584252,0.01948051948051948,0.07083639630809445,0.012762394837866531
SP0090024,0.048708521870286556,0.008446455505279034,0.045965309200603315,0.014696455505279031,0.05768288084464551,0.017477375565610857,0.05499622926093515,0.009078054298642535,0.05100867269984918,0.01907993966817495,0.07804487179487178,0.020503393665158364
SP0152998,0.06036288496376811,0.011449841485507246,0.05249377264492757,0.020153985507246362,0.08865489130434787,0.01995584239130436,0.05611696105072463,0.011294157608695652,0.05549422554347826,0.0195595561594203,0.08496093750000001,0.02052196557971015
SP0119599,0.054464677490127254,0.006735410267661257,0.03531154014918824,0.015939008336989906,0.0657854322071084,0.019043440105309346,0.05734971478718737,0.007349714787187363,0.03831724440544099,0.013470820535322503,0.07154453707766567,0.019591926283457656
SP0368575,0.0540290977883879,0.008175307418584748,0.053128237466780776,0.02396288455474978,0.08447817665870903,0.017116346110535568,0.04506553758839692,0.008152785910544571,0.04065132201252197,0.012792216566821304,0.058105490743660185,0.012679609026620426
SP0127462,0.052085139587307094,0.00864834402635686,0.048747182243800945,0.022715449973989957,0.09372290619039364,0.014348881567539457,0.04181116698456737,0.007803017166637765,0.03686925611236344,0.012896653372637436,0.061535460378012836,0.010360672793480142
SP0082424,0.0517583239805462,0.005667789001122333,0.04279835390946502,0.022540216984661417,0.06879910213243547,0.01836887392442947,0.05067340067340067,0.004657687991021325,0.039973812196034395,0.01887392442948,0.06965955854844744,0.018368873924429468
SP0335966,0.0543103448275862,0.004691259021651965,0.036487570168404176,0.015216519647153164,0.07919005613472332,0.01836407377706496,0.0469326383319968,0.005493183640737767,0.03177626303127506,0.011447473937449881,0.07052927024859662,0.017762630312750608
SP0251443,0.047092416512059365,0.008029916512059369,0.05045512523191096,0.022248956400742086,0.0791396103896104,0.012160830241187377,0.0400481215213358,0.007725533395176253,0.040656887755102025,0.015262639146567752,0.06203617810760667,0.009044526901669766
SP0070762,0.052270414272030656,0.007326089559386974,0.04608177681992339,0.018229166666666657,0.0749296575670498,0.016971982758620694,0.05249491139846743,0.0075356202107279705,0.049322018678160925,0.019606082375478937,0.07712972940613025,0.018393797892720304
SP0131423,0.06270373331693216,0.005894171433257478,0.04615905037210159,0.019660905754761464,0.07461508497857601,0.017210980585111835,0.054820919695758245,0.0058634192344752655,0.03866576460216906,0.014484285626422289,0.06379031100723702,0.015529860385017523
SP0074005,0.04665842913935746,0.004566455356183517,0.034212599835249456,0.015391640700547972,0.05991905734035315,0.01525733319007199,0.042530711650728845,0.004235163497009421,0.03509902940439095,0.016779484975466507,0.05963253465133771,0.015445363704738372
SP0032793,0.057558784059746765,0.007453760429429955,0.04663340918373299,0.01840830853608729,0.07596709259583409,0.012296516716261162,0.05639185483400432,0.008037225042301182,0.049142307019079304,0.018160336075617012,0.07687146274578449,0.01248614271544431
SP0293684,0.056338028169014086,0.00474342872521755,0.047406252803444855,0.019052211357315888,0.07392123441284654,0.010529738943213417,0.04588678568224635,0.004160312191621066,0.04062752310038576,0.01753835112586346,0.06957028796985734,0.009812057055710054
SP0354376,0.04855532064834392,0.008086680761099363,0.03856589147286822,0.011116983791402392,0.06287878787878787,0.01162790697674419,0.06051797040169133,0.00821000704721635,0.046053558844256506,0.017529950669485567,0.08128964059196617,0.0136892177589852
SP0026507,0.04949137868840634,0.006709472621023012,0.04314263040184692,0.013671452276170542,0.061449390375874796,0.013455017675492377,0.059934348171127624,0.007178414255825697,0.04907654570377317,0.0224370536036361,0.07966596926628672,0.015980088016737625
SP0025301,0.05631545684362587,0.00727925243770314,0.05731988082340196,0.02215375586854462,0.07647165041531237,0.02068661971830987,0.050943481401227876,0.008024106175514628,0.05466775009028532,0.019625767425063174,0.07252166847237271,0.020889761646803895
SP0361989,0.056788810511011784,0.006232836142372514,0.04047978030262236,0.01550131926121372,0.07370698939206292,0.008100667707716329,0.06125141349415756,0.0064482257282860375,0.043858704431640735,0.01807589790533627,0.08386732001507725,0.009197808410963322
SP0384284,0.0743862762496303,0.005268411712511092,0.03983658680863649,0.01811594202898551,0.077880065069506,0.016914374445430345,0.06261091393078971,0.005046583850931676,0.036804939367051176,0.01244084590357882,0.0615387459331559,0.015490979000295769
SP0173573,0.05074466451711959,0.013991248272685391,0.052164900967296174,0.015161983724857945,0.07550284047290033,0.013031629049593116,0.0488446184553969,0.013473053892215571,0.05252955627207123,0.019211576846307397,0.08137571011822507,0.013492246276677408
SP0165435,0.06610818884343139,0.008393402168972018,0.050376647834274944,0.02168972011169558,0.07445288655107472,0.015390609779855827,0.06015000974089227,0.008766803039158388,0.04110656536138711,0.013978180401324758,0.06942009221378014,0.01459510357815442
SP0109837,0.04574035087719299,0.005466666666666667,0.04428771929824561,0.018828070175438597,0.07131929824561406,0.012792982456140354,0.04380350877192983,0.006042105263157893,0.04687017543859648,0.017410526315789484,0.07204912280701753,0.011235087719298239
SP0029610,0.05400329615576251,0.006199455751025257,0.03560614771377103,0.015053083438733659,0.08086121651144067,0.013500824038940628,0.05774021693304204,0.006649802613928174,0.04023418036870952,0.017630600590241845,0.08093787129661567,0.013155877505653286
SP0224575,0.054063408556001655,0.0133007654120765,0.05143292260833447,0.02069777100927593,0.06942109531061488,0.012984315974763155,0.05365795771444394,0.013063428334091489,0.052352603785526385,0.022102015387353884,0.07197246889895376,0.013913886196871112
SP0285777,0.05645333675345219,0.008229660980719082,0.04558377153606088,0.016245564533367514,0.07315847975717157,0.015689795220383912,0.05468983797186952,0.008101406523876706,0.04417297251079476,0.01427899619511777,0.06876576461032022,0.014524817237399004
SP0036013,0.05174248470337856,0.004838387869114122,0.0376928704442671,0.014565043894652808,0.06574221867517958,0.014797818568768294,0.06516028198989093,0.0057528598031391315,0.046205772811918074,0.016859537110933746,0.06896781058792233,0.015313248204309666
SP0047562,0.06495301271420674,0.0069866715803697564,0.04691818684355997,0.019286284626251468,0.09160217431361711,0.011808242736932628,0.05826576991585283,0.007232356734844295,0.0430563233216633,0.014572200724771193,0.08123733185922238,0.011247773478287584
SP0309840,0.05191224546063255,0.004667375635117569,0.03672850447043997,0.01529205561463627,0.06950844854070662,0.013431013431013428,0.054551183583441645,0.00506124699673087,0.03891449052739376,0.01563669305604787,0.07584977746268068,0.014287683642522355
SP0006193,0.03252404947320203,0.0029317453046266598,0.027118644067796613,0.008871583447854652,0.04869445716903345,0.011742250725301565,0.048495953580699344,0.0033898305084745757,0.048511223087494275,0.027362956176515504,0.09141853718124905,0.016078790655061844
SP0282672,0.047194623027469317,0.006924150918890837,0.03720209104487303,0.01067439444119749,0.04579031105915973,0.011989414897071235,0.07221248132995649,0.007817066043249565,0.05189460354568478,0.022217351776089352,0.07590590298071305,0.014310994220403918
SP0039684,0.04734805372183019,0.005562827225130886,0.042581948554518564,0.016204757568859557,0.07002617801047117,0.010414295470066007,0.049354086045982244,0.005818916458001366,0.04273844753016162,0.0181965627134077,0.07248748008194854,0.01051388572729342
SP0009978,0.06315946221919673,0.008339006126616748,0.040546289993192645,0.017050289312457452,0.0758700646698434,0.008615554799183123,0.04420524166099387,0.007977365554799182,0.03385593941456773,0.012774421375085089,0.060436521443158614,0.007839091218515996
SP0288498,0.04896306700817979,0.009832272990167732,0.05608526811534329,0.018516070395769642,0.08269850450301577,0.013343799058084768,0.0432454763281831,0.009303478476410805,0.05309427414690572,0.01620259439808313,0.07284970668429312,0.01245972073039742
SP0030903,0.048662905590616444,0.00747434181169121,0.03856696627780966,0.012637852999298775,0.07334098297953721,0.010040160642570272,0.05073468477082935,0.007466373430228853,0.040407662395614205,0.013012366928029574,0.07227321986358129,0.009538152610441768
SP0107184,0.046824808500123556,0.004874542309679447,0.04582519037671,0.019711570860570116,0.066704854325314,0.009311049711346227,0.05329424714154144,0.004582519037671002,0.05025046611406878,0.019632949210413995,0.07527461419233103,0.009715389626434838
SP0168613,0.048867929068116746,0.008571737927383851,0.04782729000745889,0.0184066793388032,0.06580688626356444,0.018027718293592555,0.049968720675633405,0.00861384471018503,0.053186881932581025,0.021684993142609653,0.08561511994417843,0.021841389764442623
SP0271893,0.05262706043956043,0.008965364992150705,0.04905808477237048,0.02050627943485088,0.072704081632653,0.016655219780219773,0.046801412872841446,0.0077021193092621665,0.043060733908948205,0.015649529042386173,0.06722184065934066,0.014913657770800634
SP0018705,0.052426177610392456,0.007354947874024342,0.0461082910321489,0.020918617979367955,0.08162764041264124,0.013127012717646427,0.05177119152884668,0.007395884504120957,0.045221330713389005,0.02203755253534196,0.0816549314993723,0.013263468151301777
SP0121018,0.055706417317791725,0.0058281029845010865,0.0361982835916485,0.015319584987831446,0.05778147816062509,0.01725374663763289,0.06605610349686179,0.00582810298450109,0.04410144741898296,0.017189701549891113,0.06865633405917769,0.019277571410272833
SP0352183,0.05241687192118227,0.00703317426108374,0.04448891625615764,0.01801108374384236,0.06689693657635466,0.020137392241379306,0.05211861145320196,0.0072833282019704425,0.04780826662561578,0.021138008004926122,0.06870574199507389,0.02007966440886699
SP0298670,0.045485157747500386,0.007447028959229136,0.046689633735688754,0.016551831321556226,0.06311195151012794,0.017989431694555254,0.04415116821219499,0.007291612702688702,0.04481168730249184,0.017626793762627567,0.06241257835569602,0.01883126975081593
SP0134519,0.049607100457911696,0.007914523149980212,0.04805246198202274,0.014330940132285593,0.07436825145570694,0.012126180111933964,0.049720165074339975,0.00799932161230143,0.04607383119452766,0.015094126293176566,0.07637514839730905,0.011871784724970314
SP0296249,0.04329587585521538,0.004471964224286204,0.04204888583113558,0.019751175323930725,0.05751920651301459,0.019521843825249397,0.05642510415472232,0.004357298474945533,0.051547032068187906,0.029225432863203768,0.07631961166532888,0.02177215915606009
SP0303628,0.040360247872734005,0.0056996855345911954,0.04215223825379207,0.018232056973732907,0.07276637069922305,0.010624768775434695,0.043285238623751394,0.005977155012948574,0.04840686274509805,0.02306465038845725,0.08714853866074733,0.012763596004439517
SP0030439,0.05010108892278225,0.006517575284645123,0.05892420104281204,0.023250452239917705,0.08863015642180685,0.014666761252793249,0.0356826162522612,0.005684035044159898,0.04717483063171708,0.017788103429929415,0.06663001454261697,0.010029085233923325
SP0276866,0.05548322376846239,0.007534363527704265,0.04112951421497482,0.016914966276786472,0.07866259711431736,0.014481772389652524,0.05269785708187484,0.007310253564415607,0.04166310936566208,0.014513788098693779,0.07581319900964739,0.013307863058140522
SP0115136,0.05833875313574285,0.008993774969803955,0.05251323980302889,0.02122084920561184,0.07566663569636724,0.013815850599275306,0.0550311251509802,0.008334107590820402,0.05564433708073956,0.02310694044411408,0.07259128495772554,0.013239803028895287
SP0152179,0.039066200663158836,0.0049928947267350275,0.032441013429606584,0.011995749638335183,0.05922981398266575,0.011355634929779418,0.044443164215027336,0.004615227048687126,0.03831726645414859,0.018704151783999676,0.07313310545249709,0.012559050581864274
SP0085337,0.04331046312178387,0.005479321517057373,0.039153325709929486,0.018593958452449016,0.08365494568324754,0.012745378311416044,0.040523156089193824,0.0050266819134743655,0.034495902420430734,0.016688107489994285,0.07422098341909662,0.013055079092814935
SP0100839,0.05917804837913444,0.006181092644396905,0.04963386539410894,0.01764851077834457,0.07770075695244366,0.014018018759256208,0.06379586967253578,0.006973012999835447,0.05171137074214249,0.021762382754648688,0.08343960835938787,0.015375596511436562
SP0010359,0.04734519675925927,0.0065345293209876565,0.04442756558641974,0.01918161651234568,0.07585841049382716,0.012261284722222232,0.05055217978395062,0.006691261574074074,0.046573591820987664,0.02231626157407407,0.07615981867283952,0.012562692901234568
SP0076011,0.06196036106750393,0.005514128728414445,0.0420820251177394,0.01690541601255887,0.07006475667189956,0.021762166405023542,0.06362833594976453,0.005484693877551018,0.04640894819466247,0.020898744113029832,0.07622645211930927,0.023518445839874422
SP0298561,0.06643693133214092,0.004213974648106384,0.04674741426238433,0.019305544754646537,0.08344836301423128,0.01627750991523446,0.06081829846799907,0.0042091142390543596,0.04334998833501828,0.016369857687222947,0.07428649195116262,0.015358892604401585
SP0143342,0.06936170212765959,0.007986906710310965,0.05085651936715766,0.025193671576650298,0.07085651936715764,0.022193126022913255,0.05436988543371522,0.007997817785051828,0.03852700490998364,0.016966721222040366,0.05655210038188763,0.019323513366066563
SP0368218,0.046425822807732366,0.006654896102132285,0.03723572819050206,0.016116619131694522,0.06862012766535375,0.013502195662999674,0.05348816152836253,0.006768074607270587,0.044999773642989724,0.019523292136357447,0.07923627144732674,0.016060029879125363
SP0029596,0.055418278183641305,0.006356539177768226,0.03316143818937115,0.01863987967339923,0.06630497063457956,0.011692450938260993,0.0571730411115886,0.006732559805185502,0.03649190660363845,0.01622260421143103,0.07167669388339777,0.011710356682423722
SP0044182,0.03683067231454328,0.005425219941348972,0.03705875963940479,0.01565113500597369,0.05557184750733139,0.01839904420549582,0.04492777234712719,0.005430650591940914,0.04649723036819812,0.024291300097751704,0.08223091126316934,0.024378190507222768
SP0359831,0.04893912130754235,0.006710151446993556,0.03889263757684809,0.017637576848103166,0.06627680311890838,0.009427950217423903,0.049126555705503075,0.006953816164342478,0.040110961163592744,0.020823961613435304,0.07021292547608336,0.011133603238866401
SP0361549,0.05332071687370602,0.008928571428571428,0.0503202639751553,0.018835727225672873,0.0746312111801242,0.01416116718426502,0.061545678053830224,0.009235895445134572,0.056353519668737057,0.02664822722567288,0.08731237060041408,0.015560300207039338
SP0385245,0.06512755844407797,0.00873993597827141,0.05387040450092153,0.021718886409933084,0.07363468813657964,0.011771267824231251,0.06333300999126977,0.007886312930449122,0.052100106702881004,0.017916383742361007,0.07310602386264431,0.011771267824231237
SP0379456,0.04561578236489898,0.004106580078311525,0.03478996411858603,0.01235384804289398,0.061926136131083165,0.009400111873610105,0.04951771559545411,0.003431245480715446,0.04089526174331829,0.017313123320190443,0.06972318103060152,0.009836691815490396
SP0105354,0.0528735234403839,0.00757890365448505,0.04183393318567738,0.016519010705057208,0.07531030823181983,0.010831949058693231,0.05869324473975637,0.007475083056478404,0.045075442967884835,0.022004198966408272,0.08921073274270948,0.012077796234772977
SP0297673,0.0521203007518797,0.009,0.049917293233082714,0.017413533834586457,0.08502255639097742,0.016187969924812022,0.050939849624060146,0.008225563909774435,0.049721804511278195,0.01727067669172933,0.08721804511278196,0.016969924812030066
SP0226030,0.05320387888006845,0.006048866283215289,0.038444169796073596,0.017695013547559077,0.06551552027380333,0.013250463469125836,0.056436278937110805,0.006441032466606454,0.0422945286875505,0.018954698863906466,0.07969292199458097,0.014937966440081761
SP0200725,0.052625100018464946,0.010935352167579652,0.055446133645185774,0.018813729714203666,0.06591986212839301,0.015449005970332998,0.0545741777969266,0.011222584682300325,0.055969307154141286,0.024948195564309293,0.07686547260006973,0.01553107240311032
SP0082493,0.06028771312083024,0.006422581541882874,0.04290794106745737,0.017727251667902157,0.07039357857672351,0.01354012231282432,0.05904257783543365,0.006034562638991845,0.040852020014825796,0.01659215159377317,0.06834924017790957,0.013244764640474417
SP0066139,0.04789812460267005,0.008194930069930072,0.04720279720279721,0.020104895104895076,0.07767800381436744,0.01317148760330578,0.046239272091544825,0.008492927527018438,0.04759019389701207,0.022260410044500967,0.08637952956134774,0.01373768277177368
SP0049604,0.051852885756158845,0.004832856444971739,0.039325842696629205,0.017551817991485814,0.0662118780096308,0.010258915486077188,0.058413008583990504,0.005286481959662223,0.04661874520203782,0.019819945564938223,0.07643589922534721,0.012422360248447208
SP0229679,0.037818202297814824,0.010982203198918674,0.04677292182924082,0.013643275512502818,0.0562485920252309,0.012868889389502137,0.046463167380040554,0.011784748817301193,0.059909326424870464,0.02703311556656905,0.08007152511826988,0.018106555530524898
SP0048421,0.05775431123731772,0.006803324755228206,0.041219274114828265,0.014272192149554837,0.06955660070399622,0.0145384092051942,0.058937498151270445,0.006847694264501435,0.044946312893779414,0.014567988878043007,0.0680480373887065,0.015026473807199694
SP0103555,0.06000536480686694,0.006866952789699571,0.05439914163090125,0.020833333333333346,0.06782904148783979,0.01543276108726752,0.0557761087267525,0.007090486409155938,0.050089413447782546,0.016273247496423466,0.05644670958512163,0.014851573676680966
SP0141683,0.052085781433607516,0.0063454759106933035,0.03309341950646298,0.011618683901292587,0.056756756756756795,0.008460634547591071,0.0713572267920094,0.007711515863689775,0.04757638072855465,0.022076968272620456,0.0860605170387779,0.012441245593419512
SP0129187,0.0420969718186592,0.007589207571703632,0.05517491435573003,0.02046710509864721,0.09040784176439695,0.013390512865394723,0.03568302868145332,0.0073516541221774895,0.047460678652696875,0.016203645820309556,0.07562951664124429,0.010789927733740096
SP0048551,0.06416890158582089,0.005699043843283584,0.04985570195895521,0.027657124533582086,0.0767694729477612,0.017031541511194043,0.045381005130597014,0.005429395988805971,0.033822586287313425,0.009189890391791047,0.047355993470149266,0.012338211287313426
SP0044264,0.044239700374531836,0.0066741573033707894,0.03165543071161049,0.00872659176029964,0.0698726591760299,0.010539325842696637,0.05282397003745318,0.006951310861423223,0.03965543071161049,0.01444194756554305,0.08639700374531836,0.011026217228464424
SP0020982,0.05023635111445029,0.007278362133734037,0.04709804658151764,0.016575882794891063,0.06416697971450032,0.014501940896568992,0.05310856498873027,0.006190520911595294,0.049938955672426746,0.018782870022539443,0.06698441021788132,0.01504194840971701
SP0267880,0.05601182166513202,0.009348917337452101,0.0621751269789408,0.03014079068524075,0.11385035791724839,0.02090325838358036,0.03455163810259304,0.0076632904624706665,0.040009504856387566,0.013381055633112548,0.06066771616122613,0.011903347491608998
SP0078541,0.040510948905109485,0.008442822384428224,0.04333333333333332,0.014233576642335804,0.054379562043795654,0.012165450121654507,0.05454987834549879,0.009343065693430656,0.058077858880778606,0.02296836982968368,0.08686131386861315,0.01727493917274939
SP0010869,0.04014203881225158,0.00892857142857143,0.04154489127893382,0.012713350479307942,0.06676700958615851,0.012143441664718268,0.05213935001169043,0.009366962824409634,0.054565115735328504,0.025426700958615857,0.09570084171148,0.014788403086275428
SP0380341,0.05030645470216434,0.009385175253782792,0.040835089063397806,0.013646810955755616,0.07248611377130819,0.01380961501628041,0.06136755410840835,0.009844857307029303,0.0490231756368512,0.020024899444550825,0.0895326565791994,0.015514269297069526
SP0123782,0.05253244382488633,0.0069036476484450205,0.046217929569517736,0.018595041322314043,0.07765773839158294,0.011832453782070429,0.05247436025092103,0.0071691725580005985,0.044409041123170366,0.015840220385674928,0.07391549669753394,0.011517142951973178
SP0128326,0.04965429698050018,0.005590666018473506,0.041335818073786,0.015408091611300169,0.06299627288932105,0.013193431642629507,0.04974882514989467,0.005752714308864043,0.044873872413979374,0.01947280289526279,0.07520391076540811,0.013787608707394811
SP0192087,0.04119577105359095,0.009543007870300877,0.03217816474019429,0.010733203233900205,0.05711865497201434,0.00822414273766378,0.05702215264523601,0.01057236602260299,0.04534537110505889,0.024007634406296233,0.07668718234650768,0.009414338101263107
SP0010487,0.0450252027175104,0.009007232084155162,0.052728468113083495,0.020238877931185634,0.08376068376068375,0.01947183870260793,0.038647819417050186,0.008229235152312072,0.044619767696690765,0.016294104755643225,0.07171816787201403,0.017050186280955514
SP0103047,0.05539869715255863,0.005240916053073499,0.044575467345771294,0.019026001587037954,0.0779863071841149,0.02279983022384616,0.054180737788111985,0.005453136245363449,0.04631936370850172,0.016257912122386475,0.07567033899868979,0.023390355976305156
SP0195688,0.045266519104466774,0.00558801117602235,0.046681664791901,0.02269675967923364,0.08274973692804531,0.017281105990783405,0.035777785841285964,0.005696868536594214,0.035151856017997744,0.009280089988751409,0.05497296708879132,0.015176530353060706
SP0032864,0.05072657233304094,0.008219230329150621,0.04681719363820131,0.0213585567718067,0.07467866814142417,0.015504023799534685,0.05002097715397231,0.008810404668370264,0.0432701476028834,0.018097562836111216,0.06748922537091423,0.015008200160189169
SP0127487,0.062182664410058035,0.009308510638297875,0.054899057059961336,0.021850822050290132,0.06485735009671173,0.020898815280464226,0.05474794487427466,0.009353844294003868,0.04608921663442939,0.017604569632495175,0.06103421179883948,0.01832990812379112
SP0084541,0.05544538457018625,0.007829484693577768,0.038251366120218594,0.01607761913155883,0.0733959104530231,0.029246724249368354,0.0549092191080557,0.00735942182266878,0.03724513778717903,0.011949879546389331,0.0676302955520301,0.027087372936130217
SP0302820,0.05373957492601562,0.008676351896690884,0.049720877051385545,0.017050040355125105,0.06986481033091196,0.017974845305353787,0.04973769168684423,0.00894538606403013,0.04617298896959915,0.014864137745493678,0.0650558245897229,0.017537664783427512
SP0126479,0.054214285714285715,0.004446428571428574,0.04691071428571428,0.02498214285714285,0.05644642857142858,0.006732142857142858,0.053625,0.004821428571428572,0.04573214285714286,0.023374999999999996,0.05492857142857144,0.006089285714285709
SP0120970,0.05449077536773872,0.005453752181500871,0.04604525056095738,0.014974445275492366,0.06779793069060087,0.014475816504612302,0.051717152829718276,0.005391423585140863,0.04540638244826726,0.020194465220643245,0.07370356519571178,0.01463163799551234
SP0238697,0.05527478286912249,0.00823599880203654,0.037810721772985945,0.012485025456723583,0.05875636418089247,0.013963761605271036,0.06397873614854747,0.008329589697514225,0.044287211740041924,0.0176325247079964,0.06824648098233005,0.015554806828391742
SP0115286,0.04784609229127767,0.009985996265670843,0.04631234995998935,0.01913843691651105,0.06635102694051742,0.014153774339823958,0.04786276340357428,0.010636169645238733,0.04857962123232861,0.015920912243264886,0.07210256068284876,0.014303814350493466
SP0167996,0.046408564193078046,0.008479778988565733,0.038446780753587616,0.013602179418310155,0.0721548614841532,0.01757347862788734,0.04683063464047272,0.007846673317473716,0.04418310183408795,0.017669403729567955,0.07940679917120713,0.019031540173432594
SP0065188,0.04713514324283785,0.010911954402279888,0.05278798560071997,0.021420803959802,0.07917729113544325,0.010171366431678425,0.04484775761211939,0.010940077996100195,0.05080995950202489,0.01908654567271638,0.0781367181640918,0.010743212839358038
SP0169805,0.05461538461538461,0.006806526806526806,0.05123543123543124,0.024545454545454516,0.07377622377622375,0.010372960372960373,0.04153846153846153,0.0062703962703962715,0.042377622377622375,0.01426573426573428,0.05969696969696969,0.009906759906759904
SP0229168,0.052568887477169854,0.0072182958786627515,0.05671404748669897,0.02209163821170492,0.07094417533550383,0.011450806003335192,0.05311681092670531,0.007123004843960928,0.056968156912570476,0.02412451361867704,0.07494639879298025,0.012927817041213376
SP0047791,0.04532912889239259,0.010287741426882144,0.0471718565234529,0.017806464327946414,0.06895940086716595,0.013175009854158462,0.04251083957430036,0.010021679148600707,0.047625147812376825,0.01635790303508079,0.06880173433188805,0.012426093811588493
SP0102711,0.05726058539357773,0.005799684827817819,0.04213490402748716,0.017037381487509363,0.07214084579813479,0.013821075202149367,0.06003771732671988,0.006122607145625048,0.04608747319744762,0.018496990363998045,0.08114392001860034,0.014970678653543106
SP0297584,0.04638588033284904,0.00820565315017831,0.04754160612864879,0.017294611015717873,0.07077169462422403,0.016246202615242372,0.04671608770307753,0.008213908334434023,0.045824527803460566,0.01876403381323473,0.07153117157574956,0.016634196275260867
SP0128165,0.04690915715326695,0.006618897255282967,0.03154602866164682,0.011901870293903343,0.060511294632013615,0.019158367743502547,0.052890454214233676,0.006968059266456156,0.03994109788681079,0.018308234151080884,0.07399198445470001,0.022558902113189217
SP0149461,0.04184100418410042,0.006473159840141097,0.04296677111282061,0.01637052742180611,0.0763926675047376,0.008593354222564123,0.04512449105953431,0.006660787661594459,0.05009662832804849,0.022590389702985155,0.09159052104246015,0.009644070022702964
SP0384332,0.04957555178268249,0.008786078098471992,0.04293293718166381,0.013285229202037353,0.061417657045840436,0.011587436332767403,0.050976230899830235,0.009189303904923597,0.048938879456706275,0.019397283531409175,0.08117572156196945,0.015089134125636682
SP0252755,0.05084109730848862,0.008242753623188404,0.04182194616977225,0.018762939958592132,0.06706780538302277,0.013819875776397502,0.0556159420289855,0.008902691511387163,0.04662267080745343,0.019914596273291906,0.07309782608695653,0.015540890269151144
SP0016966,0.04775219298245614,0.009621710526315788,0.04676535087719297,0.018558114035087732,0.0817023026315789,0.014912280701754387,0.04506578947368421,0.009882127192982459,0.04091282894736844,0.013473135964912284,0.06584429824561405,0.01355537280701755
SP0096692,0.05225214607028504,0.007562810615435992,0.05269412850884949,0.02076335278056065,0.06658219891174096,0.02002671538295323,0.056986269078908594,0.007926218398255644,0.05607283870587543,0.022383955055296903,0.07076629933015104,0.02139195002651895
SP0132361,0.04805121446055357,0.0054603652796083625,0.04358877800790811,0.018226322726416853,0.06629636603276216,0.012860101675767274,0.05442477876106195,0.00586518546413105,0.0519581999623423,0.022218038034268514,0.08131237055168516,0.01509131990209001
SP0218523,0.0625891771917772,0.007035089573534849,0.05299106906938645,0.018278021455371787,0.07609787031654602,0.017373038101780897,0.055686201976430795,0.00692279236907467,0.05160386830840778,0.017782592612165065,0.07145405062622205,0.01712862653913227
SP0321008,0.03479666240697587,0.007502067202886565,0.039945876869878987,0.01513192512967004,0.07303615725776141,0.014763587160790792,0.04394497481771029,0.007862888070360069,0.05404795910696837,0.031113282718183845,0.10450274374201307,0.018213936706006163
SP0318695,0.05393317548013681,0.006051039200210471,0.03987254815984098,0.01581455172615394,0.06634219065158291,0.018840071326259172,0.05787950539331754,0.0059633429799175654,0.041904177263293284,0.01843082229822563,0.0714578035020024,0.02068169195241018
SP0295244,0.053421002477606255,0.009872307985515527,0.045511720983419095,0.018010291595197257,0.0643605870020964,0.012883552506194022,0.0497808271393177,0.009281494187154564,0.04438726891557079,0.01583762149799886,0.05833809796073947,0.012788259958071284
SP0383215,0.057743695373823976,0.007125758503590713,0.04807103490508266,0.017452541334966307,0.06921171296554028,0.015330123030674164,0.05687385180649113,0.007063129766742747,0.05063185436731059,0.020410009463898014,0.06794522073150366,0.014634248176807876
SP0345313,0.049767430934034955,0.00458090584476602,0.04295480172899831,0.022928021048675067,0.08263836684833673,0.01007799285848526,0.042655280962225144,0.0044517008081187736,0.031631742153730505,0.00934387333208043,0.05137074797970308,0.008451183987972182
SP0231131,0.05083088954056694,0.009268956849602012,0.049416980868593766,0.01797933249546152,0.08319368803239781,0.012800819252432162,0.05176767676767677,0.00935623516268678,0.049702090024670666,0.016897081413210446,0.08848857235954008,0.013737606479541961
SP0253528,0.04484359726295209,0.009530791788856302,0.04510155316606926,0.01752742478548932,0.061990876507005604,0.010671228413163902,0.04282067991745411,0.010440425763006406,0.04764038231780169,0.01808406647116322,0.06769305962854351,0.01143151949603563
SP0052669,0.04765267289052745,0.007641077481120293,0.04708033537491824,0.014613189034905175,0.07927989534399711,0.01190016055182256,0.04617351489564131,0.007195100196230004,0.05290777189748468,0.020968365344591768,0.07855889873342452,0.011647440090384731
SP0276506,0.0629198966408269,0.009043927648578812,0.04389241249706366,0.014611228564716933,0.06819356354240076,0.020671834625323,0.06452901104063895,0.009243598778482498,0.04433873619920132,0.019814423302795398,0.0726215644820296,0.02170542635658914
SP0061238,0.05250917992656059,0.005187835420393562,0.04287731851991338,0.020450051784201128,0.0688824027869315,0.017117032294510875,0.04772620280576217,0.004745315883626779,0.04184163449769324,0.015789473684210523,0.06731004613501554,0.017211185387439976
SP0265963,0.03326315789473684,0.008807017543859649,0.050175438596491234,0.02347368421052632,0.0689122807017544,0.01792982456140351,0.03014035087719298,0.0077192982456140355,0.04663157894736841,0.023298245614035096,0.064,0.018
SP0239980,0.05753717732884398,0.004349046015712678,0.04619107744107744,0.018167789001122328,0.08280723905723905,0.012871773288439968,0.054608585858585856,0.0050154320987654336,0.0411405723905724,0.017396184062850713,0.07705527497194165,0.010907687991021323
SP0097409,0.05028100239543026,0.009566365702352432,0.04924451814999077,0.01524783489957618,0.06713346846016832,0.01178520975370062,0.05527148209569437,0.009950248756218905,0.05292211780603156,0.019324672931638122,0.07373625698667159,0.013028990848228
SP0343386,0.05539109841888974,0.008189965405957605,0.060986510645213696,0.02031529335283602,0.07423788628079214,0.01011701608971233,0.047990527268928045,0.0071625919992570385,0.05785795546887699,0.021644493975064422,0.06903136681293677,0.009600427201597365
SP0187133,0.053419452887538015,0.006439969604863222,0.04220174772036475,0.018569528875379954,0.06023936170212759,0.013506838905775084,0.050987841945288756,0.006231003039513679,0.043142097264437684,0.017135258358662604,0.06146466565349543,0.013820288753799391
SP0306944,0.06143344709897612,0.009137333808771839,0.05370969385156132,0.024011767103051317,0.08299373439967395,0.017058478936376145,0.043267026641536345,0.008589730528246142,0.04429219092252052,0.016084254495440868,0.059319443736946656,0.013212521012684029
SP0078189,0.05470591064300484,0.0054826143413648845,0.04102342134372146,0.017890636271822243,0.06672117218935857,0.013145449590407025,0.060236618092627335,0.005250164318119879,0.04347616986485836,0.01678449478189776,0.06883726895269242,0.013562256528639448
SP0171795,0.04656553504885422,0.009638801678354514,0.04964643056248349,0.016255391567148843,0.07840145535635688,0.017429066048531432,0.05013057128605381,0.01002024588480385,0.051905753939144976,0.019482996390950972,0.08850972682726446,0.018632082391948596
SP0146667,0.051027131782945725,0.00690891472868217,0.051860465116279064,0.023052325581395347,0.0761143410852713,0.012180232558139534,0.044970930232558146,0.006850775193798451,0.04991279069767443,0.020755813953488376,0.07065891472868219,0.011453488372093016
SP0350320,0.03739876610196741,0.003999115773396835,0.028933301179638674,0.012087779586423101,0.037042061051827745,0.014197865798516911,0.07202427603946865,0.006581459375816402,0.04895902413536705,0.02759188923052188,0.09166314985631319,0.023607845501497145
SP0113251,0.05421006944444446,0.006510416666666668,0.03812934027777777,0.014431423611111127,0.06226128472222227,0.01668836805555555,0.054123263888888884,0.006250000000000002,0.04286024305555555,0.01922743055555555,0.06983506944444445,0.018402777777777768
SP0069860,0.04796561745726811,0.007413427909955171,0.05127826215457365,0.02666124821437368,0.08292694941135899,0.013706221368405509,0.04741145756366681,0.007438057238559678,0.05152455544061868,0.020540860056154884,0.07800108369045859,0.012610216245505151
SP0074211,0.05513276896564738,0.008169914086969645,0.05272393363438535,0.01945307488144505,0.06437816827884629,0.014000176102844063,0.056510144781695366,0.007534685970892715,0.0512396382344432,0.020339878489037608,0.06215172517893307,0.013239160241009327
SP0020708,0.05537647739482602,0.005207041904289611,0.04377427886602198,0.019123481279444587,0.061926605504587146,0.01543515993057276,0.05508719728903215,0.005558310604182164,0.04264815273989586,0.01751177783287875,0.06194726836928671,0.014071410860401692
SP0299513,0.06630508220103597,0.009008332707754679,0.0551760378349974,0.024791682306133156,0.07672096689437732,0.011823436678928007,0.05960513474964342,0.008464079273327827,0.049489527813227234,0.018992568125516095,0.06084378049695971,0.010096839576608369
SP0027407,0.061952440550688374,0.009751773049645394,0.0503493950771798,0.022632457238214457,0.06933145598664991,0.012646015853149775,0.063855861493533575,0.010142886942010845,0.0481852315394243,0.016896120150187714,0.05997079682937006,0.013297872340425529
SP0351644,0.05234563984613554,0.007812190189158107,0.05286116508704443,0.026946107784431135,0.08252369433318799,0.012907958916603875,0.05119562200103105,0.00693976285838918,0.04703176428599754,0.019014950231986356,0.07062695800452076,0.011956220010310506
SP0115413,0.042152948402948406,0.011179361179361181,0.050829238329238316,0.02186732186732186,0.07559889434889437,0.014081695331695327,0.04093980343980344,0.011271498771498772,0.047205159705159705,0.020715601965601974,0.07057739557739559,0.013559582309582313
SP0127096,0.06019454187474736,0.009446755244937606,0.055819957492861144,0.023652745361375897,0.08149374779966882,0.016846387545147536,0.048335571694939565,0.0088013247623642335,0.04634060474880367,0.016220515562046067,0.061335454343942726,0.0133128186405539
SP0188547,0.056644742389746185,0.005565393372122438,0.03596424656379122,0.013523484273547515,0.05623366219748714,0.008316468504932959,0.07206551985833544,0.006029176153132642,0.04902394805632852,0.023652921831520367,0.0768087528459398,0.011025381566742556
SP0275270,0.05212605042016809,0.0041792717086834765,0.04291596638655464,0.021327731092436967,0.06465826330532212,0.014882352941176482,0.05511764705882353,0.004366946778711483,0.046616246498599426,0.019739495798319337,0.07056302521008402,0.015134453781512607
SP0171632,0.052097292950951474,0.00596354864647548,0.03789198606271777,0.01454033771106945,0.06358885017421598,0.008777807558295362,0.06667113374430449,0.005963548646475475,0.04653578129187886,0.01854395604395602,0.0810942106673814,0.011625569552398813
SP0075067,0.04897934237868232,0.008440288473291768,0.04844762254003177,0.01930081897078598,0.06851851851851846,0.01175895367314509,0.05242635374648576,0.008562522918958565,0.05047060261581715,0.02261948417063927,0.08001466813348,0.012382349346045717
SP0301295,0.045024382180345476,0.009608232085296306,0.04750392594429291,0.01688156045954211,0.08469708240350438,0.014019753698652777,0.043350690139680965,0.009184643358955287,0.045458302339036284,0.013740805025208691,0.07787833705264897,0.01369947929580957
SP0299484,0.04247668721352932,0.00754702070491544,0.03761656393235343,0.01062905010273432,0.06598703967125022,0.013197407934250036,0.048443180022127386,0.007981665876402717,0.047336810494705214,0.019084874348032244,0.07914493440809231,0.013790105895369047
SP0078227,0.05537326827079476,0.005826182062931182,0.04281647877054238,0.018453082057322354,0.08339643277805824,0.018179651130181173,0.053753715856189356,0.005777104717034046,0.042101351730326995,0.01916119804812384,0.08061304616074935,0.01638482248022883
SP0327994,0.046510005580802045,0.007225145499481784,0.04894164075580004,0.01775890935182971,0.07175316909830184,0.015476759945786482,0.04448696484094714,0.007643705652555212,0.046689388503547806,0.01838674958143983,0.07136450609901937,0.016214223072630155
SP0262048,0.05806878306878306,0.007291666666666664,0.044427910052910045,0.02333002645502648,0.0757936507936508,0.022081679894179893,0.05615079365079365,0.007217261904761905,0.04256779100529101,0.017212301587301575,0.061813822751322765,0.019122023809523808
SP0067859,0.053569254847404574,0.01112077210677333,0.05425615163898791,0.018563603164942183,0.08303625771672023,0.020572124163116247,0.05143031040779063,0.010781671159029648,0.04966524650030433,0.017189809581775475,0.07611512042431094,0.01880706025562994
SP0106920,0.04666276554243359,0.008697733801468242,0.046379047416391796,0.018308685321133444,0.06627478100507148,0.008174628506578713,0.04772670851509026,0.008564740929886157,0.05114019221903039,0.023078696315210846,0.07242791786360253,0.008733198567223467
SP0172223,0.05762188888269296,0.009219502221230878,0.047640290711723265,0.022249484191155966,0.07189724716072787,0.018968754066060717,0.05678544210858938,0.009126563690774919,0.04543764753991711,0.021357274298778775,0.07072622167698284,0.01736091748917266
SP0154263,0.050499027054171114,0.008740819785324212,0.049510388550624576,0.0214361935848346,0.08044065030443792,0.015316050467641694,0.044912434875400156,0.008113112798945454,0.0456499905843952,0.01575544535810685,0.06589354089511017,0.013417236833845957
SP0129930,0.061665765278528954,0.00694429421308816,0.05220118983234181,0.023071930773391015,0.08247701460248788,0.020097349918875074,0.0565494862087615,0.007398593834505141,0.04684694429421309,0.018777717685235274,0.07422390481341265,0.01939426717144402
SP0042253,0.03932178932178931,0.005784445439617852,0.04632532218739113,0.01669403393541325,0.062434691745036595,0.013484599691496239,0.04576553714484749,0.006568144499178982,0.05271931134000101,0.02089864158829676,0.07654127481713685,0.0161218092252575
SP0349571,0.038760440289839056,0.007481055368106646,0.045494772940981275,0.015141877316223228,0.058908125449416406,0.012307096631450852,0.05103988052436529,0.007411914375795122,0.05737319542010066,0.025208805796780826,0.08370208529232812,0.015695005254715406
SP0053378,0.04461661768634785,0.0077032683230919925,0.04184477691691158,0.013792412503339568,0.06950752515807286,0.01654198949149524,0.051039718585804604,0.00774779588565322,0.046742808798646354,0.018623653041232514,0.08353370736485885,0.017543859649122816
SP0358659,0.06218704571151673,0.008082008445439232,0.04777672658467363,0.020455961418649193,0.0712728153771604,0.01054526155479152,0.049034312481251584,0.007920483651383342,0.041021528947550595,0.015806354846897568,0.059504580381660004,0.009253063202344423
SP0108194,0.039888968849593906,0.008815667729001752,0.05363935437442174,0.023414207874987138,0.07959802611288165,0.017939755320242615,0.03261540043178781,0.00794181145265755,0.049655597820499636,0.019276241389945523,0.06322607175902129,0.01521537987046365
SP0075922,0.051058616863905316,0.007997411242603548,0.04152413091715976,0.01624907544378698,0.07212694156804732,0.018826275887573966,0.052630362426035505,0.007696930473372778,0.041882396449704144,0.013590976331360954,0.07117927144970414,0.01875693417159763
SP0219177,0.05797228172955012,0.007264751745143472,0.040608286334688645,0.018537139859222673,0.0606901878488465,0.01177516431309113,0.06492370917675863,0.007752954720995643,0.04441189757938764,0.018216528949707798,0.06869817397513808,0.013349072414345884
SP0365268,0.04872620189015204,0.003658174679267677,0.040428251837647804,0.01539172716066293,0.0677932246724193,0.016179290508149567,0.050974752317034196,0.0036695886408254566,0.04382390540108661,0.017976989453499514,0.07205063233347027,0.016447518604757346
SP0094252,0.05022624434389141,0.005219404398610966,0.04653267389245502,0.014974218667789129,0.06946227507103021,0.013827212459223408,0.051489003472587606,0.00539829527517626,0.048963485215195196,0.018972955908660414,0.07523939808481532,0.016173839840050514
SP0168346,0.05243664717348928,0.008827624617098302,0.044054580896686166,0.01824004455583404,0.07813979392926756,0.01470342522974102,0.0531328320802005,0.009022556390977442,0.04191033138401559,0.016624895572263994,0.07354497354497355,0.013728766360345302
SP0118024,0.050817249174056695,0.009237523908885409,0.05540340810293862,0.02339810467744743,0.07415014780038254,0.016573204660059116,0.052784298382889935,0.009204920883324638,0.05559902625630327,0.022517822987306542,0.07322639540949398,0.016540601634498348
SP0287087,0.059206132361870084,0.011718275652701886,0.04801153612629023,0.016909532483302955,0.08210382513661207,0.014200060716454159,0.06065573770491803,0.012446873102610802,0.051555859137826336,0.017554644808743178,0.07397540983606558,0.01411657559198542
SP0374633,0.048421255294570656,0.005426934924913359,0.0470013477088949,0.01861522911051209,0.08373844820947247,0.011636022333461676,0.04313871775125144,0.005824027724297267,0.045725837504813245,0.01818203696572971,0.08168078552175587,0.010974201001155173
SP0365421,0.03428416821273964,0.007382498453927024,0.04044913419913419,0.012774427952999389,0.06615259740259741,0.009566326530612242,0.034767316017316016,0.00792362399505257,0.041666666666666664,0.015364100185528749,0.06704158936301793,0.010223407544836107
SP0015736,0.06305041089169629,0.004967496627008461,0.031215503495645766,0.014362811235128194,0.06061572427327367,0.012982951060959147,0.07583098246044401,0.005458113577824111,0.036808536734944206,0.01658898564945417,0.07432846804857109,0.015301116153563112
SP0080678,0.05665743155149934,0.006527053455019558,0.0481991525423729,0.019597457627118613,0.07998696219035198,0.015506844850065196,0.05119784876140808,0.0066411342894393734,0.03976531942633638,0.012442959582790063,0.06360006518904823,0.013119295958279015
SP0042849,0.04384986993682646,0.0070698625046451144,0.04004087699739872,0.01905425492382013,0.06904496469713858,0.017456335934596806,0.04443515421776291,0.006623931623931623,0.04034745447788927,0.015830546265328878,0.06460423634336679,0.017753623188405808
SP0069632,0.04396054273237678,0.007096069868995629,0.05456565814098566,0.021853555832813502,0.09180053025577047,0.008792108546475365,0.045529865876481605,0.006969354335620712,0.05626169681846539,0.028218574547723006,0.10125545851528385,0.007885605115408605
SP0033394,0.05005381165919282,0.007363228699551569,0.03665470852017938,0.01559641255605382,0.0644394618834081,0.012188340807174892,0.04895067264573991,0.007327354260089685,0.037596412556053824,0.017228699551569495,0.06839461883408073,0.012367713004484292
SP0074460,0.04318663838812302,0.008072640509013787,0.03928950159066808,0.012977200424178142,0.07334305408271471,0.015760869565217384,0.04895281018027572,0.008125662778366915,0.04506892895015908,0.01880965005302226,0.08995227995758218,0.016291092258748672
SP0126625,0.0508107088989442,0.006504524886877829,0.04123303167420814,0.012990196078431382,0.07107843137254903,0.011180241327300154,0.05450603318250377,0.007126696832579185,0.044494720965309195,0.01781674208144796,0.08148567119155356,0.013046757164404222
SP0134555,0.05180135239995565,0.005958319476776411,0.035029375900676195,0.012105088127702019,0.05459483427557915,0.014826515907327354,0.06540849129808225,0.006246535860769316,0.049052211506484866,0.026593504046114623,0.07990799246203302,0.017924842035251094
SP0015182,0.0523661054527818,0.0077877087230652,0.04418346844037969,0.01661470241806968,0.06670823806554425,0.006997852144391316,0.05656481673941661,0.007891637220259127,0.04953232176262732,0.02198434143975611,0.07951222891983649,0.007614494561075325
SP0136830,0.06252456954163063,0.006977749823099304,0.042652724270776,0.016530387609088763,0.07575281075556253,0.015429672144036477,0.057984118248289966,0.006761537856749744,0.03940954477553266,0.01662866577561129,0.06834263699976413,0.013994810912807607
SP0342750,0.0643977564407263,0.009430554235193468,0.05469626390341287,0.021522958456127,0.07932312957505468,0.021242513546915087,0.05680673067782108,0.008950470577051051,0.04833159045536648,0.017634756155528095,0.06789618785055615,0.0193316855214374
SP0133147,0.04106570512820512,0.007939018218623485,0.03880946356275305,0.01463394062078272,0.061751433873144364,0.013379301619433204,0.049479166666666664,0.007823043184885293,0.04984817813765181,0.02159244264507424,0.08304866734143049,0.016331393387314434
SP0292485,0.05376185024633077,0.010380622837370243,0.05558199662983498,0.022169768847840925,0.07449736947042103,0.012818204036480102,0.04976781878288162,0.0104192125133456,0.05377471347165587,0.02257496044558212,0.07055479090827237,0.012818204036480103
SP0164897,0.03919598676836436,0.007900708056535167,0.043371880040460366,0.020667596161732117,0.07256896033243126,0.012131277508953216,0.043160009841712456,0.007285601027912191,0.04561360343366412,0.014796741299652822,0.08042866125372485,0.013689548648131454
SP0241578,0.04340417000801923,0.006716118684843624,0.03934442662389735,0.01420074846297783,0.07518043303929424,0.015186447473937447,0.04696271050521251,0.006532344292969795,0.042117749264902436,0.016005078855920868,0.07648356054530875,0.014468056669339747
SP0018286,0.0595,0.005789473684210527,0.04768421052631578,0.020657894736842094,0.05761842105263154,0.02019736842105263,0.061000000000000006,0.006289473684210529,0.04773684210526315,0.02313157894736846,0.06719736842105264,0.02117105263157895
SP0017819,0.04588893421129306,0.0079249460987122,0.04064448458714526,0.015296311403764364,0.06852747508886428,0.008973836023541753,0.04728745411106579,0.006876056173882642,0.0429753510867665,0.016782238797272885,0.07082920575724025,0.0093526018297302
SP0294462,0.049000587889476775,0.0070105820105820105,0.04607583774250441,0.01640211640211641,0.08239271017048796,0.010684891240446793,0.043665490887713106,0.006349206349206349,0.04369488536155202,0.015652557319224,0.07361845972957085,0.010537918871252206
SP0093662,0.05730184351372018,0.006201682100076459,0.046767479398521786,0.018859909948177735,0.07760598080027195,0.01696967122589415,0.05420100246368193,0.0069237957692634446,0.044473706566986654,0.01902981904680995,0.07138306006286636,0.015971455271429798
SP0173962,0.052859538002980634,0.011028315946348738,0.04768070044709388,0.018945603576751124,0.07873509687034273,0.019150521609537997,0.04826751117734723,0.010488077496274218,0.04809053651266765,0.021674739195230996,0.07907973174366618,0.01848919523099851
SP0331532,0.04702754295064085,0.008549222797927466,0.05497682028906463,0.018857376602127086,0.07686119443686935,0.013444232342514316,0.04183256067630215,0.00856285792200709,0.051322607035724034,0.0169620943550586,0.0718161985274066,0.012762476138532859
SP0095524,0.056200607902735567,0.008814589665653492,0.04806990881458966,0.016063829787234064,0.07598784194528872,0.018601823708206677,0.04934650455927052,0.008480243161094225,0.04281155015197569,0.015167173252279632,0.06633738601823708,0.01706686930091186
SP0083611,0.04590201465201464,0.007885632885632885,0.04904354904354904,0.021418396418396414,0.06936813186813187,0.011701261701261702,0.04828042328042328,0.009081196581196582,0.05484330484330484,0.024699837199837205,0.08217592592592592,0.01336741961741962
SP0301059,0.04774421574742346,0.00738810181472571,0.043496985357450474,0.016157296028988112,0.06685675250230184,0.009912679319255107,0.04885057471264368,0.007469779322225193,0.049778728206955954,0.019016008791469894,0.07532893759838427,0.010528973239478451
SP0368229,0.06125917584250918,0.009540790790790791,0.033679512846179496,0.016036870203536866,0.06069611277944612,0.01921713380046713,0.06269811478144811,0.009384384384384388,0.03439898231564896,0.015682349015682377,0.06202035368702036,0.018852185518852184
SP0198268,0.05087961365988273,0.0055355705579920806,0.04298690845776047,0.013370784671233104,0.07607713661525325,0.016491729496213803,0.05271932850408187,0.005404162354835,0.045590433482810166,0.01783045056587658,0.08199871877001921,0.014471328372673663
SP0258004,0.04802994483845548,0.008687943262411346,0.037677304964539,0.014558707643814044,0.07210401891252957,0.013514578408195433,0.054452324665090625,0.009121355397951142,0.045498423955870775,0.021867612293144198,0.07797478329393222,0.014962568951930655
SP0359425,0.045428427781368956,0.004500945677416266,0.04072398190045249,0.016315928080633944,0.07401422107304458,0.01388589623883742,0.04442289736407383,0.004572769278651632,0.04433910316263257,0.022851875793052277,0.08416529004764299,0.015861045272809987
SP0118258,0.041858678955453144,0.006278801843317977,0.040706605222734275,0.012499999999999997,0.06294162826420895,0.009850230414746537,0.05182411674347158,0.006144393241167434,0.051574500768049154,0.02524961597542242,0.08786482334869432,0.011866359447004607
SP0008815,0.037657966596812094,0.006318663872483648,0.040198132977710035,0.01344700577887854,0.06744141741284054,0.016082428399060142,0.03942020702356004,0.0064615482314091584,0.04296056391693656,0.01647932939607543,0.07179145234012829,0.01657458563535912
SP0110758,0.048617619493908144,0.009562441424554828,0.04729967197750704,0.01900773195876286,0.07581126991565128,0.02315194470477976,0.04674320524835989,0.010104264292408623,0.04683106841611996,0.01793873008434866,0.0738343486410497,0.022654053420806
SP0083760,0.043601838413159164,0.008647798742138368,0.039832285115304004,0.01753749395258828,0.057873730043541294,0.01849500080632155,0.05813578455087889,0.01019996774713756,0.04984075149169489,0.02591315916787614,0.08347443960651511,0.02238550233833253
SP0153795,0.04888969785220241,0.008251425797840068,0.040626137604659635,0.012365004247057403,0.0684382963232617,0.017085305181410024,0.04666909355660721,0.008045140152894065,0.04058973425555151,0.014804028637301311,0.07372891639364153,0.016769809489139663
SP0133561,0.057927416249518686,0.0038626299576434335,0.037868213323065066,0.011636022333461706,0.06771033885252213,0.01157585675779746,0.05862533692722372,0.003273007316134003,0.04159847901424719,0.01577541393916058,0.07797458606083943,0.012141413169041201
SP0052047,0.04949741728326121,0.005451626413513892,0.04112103867094794,0.015859276839313118,0.06805109590953516,0.013430127041742287,0.05280608683512495,0.005221276001675277,0.04698450369956722,0.020305737819349433,0.07822839592349576,0.015454418539717992
SP0310672,0.07471496997908654,0.005278958375497534,0.06188861903798152,0.032053228091479445,0.08940497874924105,0.017127099777373003,0.04013188963097888,0.005540376442015786,0.03609255886122916,0.008483437900559948,0.02597314983471633,0.009664035620319773
SP0294527,0.038113695090439284,0.006929762743716232,0.047238372093023284,0.01863841907446556,0.056774136715997216,0.010923185341789984,0.05352948085506225,0.008647521728917078,0.05876350716466995,0.023674242424242428,0.07865721165139772,0.013793457834155495
SP0133130,0.05698156904371322,0.002663321432017752,0.05005307343433368,0.022474187011483154,0.05755090224838363,0.01642381549744283,0.05316993148702113,0.0027501688700183363,0.03839621731158931,0.017186143008781248,0.059143105278394295,0.015902730869439333
SP0046248,0.04544903648042661,0.006096230759907887,0.04151011998545631,0.018264452793600776,0.07490001211974308,0.011550115137559075,0.05466004120712641,0.0064961822809356425,0.04887892376681616,0.023621379226760383,0.08528663192340323,0.013113561992485756
SP0052269,0.05338190322000361,0.007712718114768839,0.03763041914013311,0.008319841698147132,0.05577666846555138,0.011602806260118732,0.06905468609462134,0.008499730167296278,0.05007645259938837,0.026724680697967268,0.08879744558373809,0.01610001798884691
SP0306756,0.055263470563773544,0.009133844234539296,0.04832768965722091,0.022040040396839544,0.0867789461177449,0.01226756965484466,0.042758272441038435,0.008450662389354243,0.038629477811441826,0.015490405750608907,0.0651102002019842,0.008970474662864618
SP0041220,0.04920315865039483,0.0072648959081119905,0.05652548456568558,0.021938262742282853,0.08594400574300069,0.01579325197415649,0.04298636037329504,0.0071787508973438635,0.0525197415649677,0.023244795405599424,0.0815506101938263,0.014816941852117729
SP0374130,0.06920179078401398,0.010810220572177337,0.062013176093761384,0.02328565188905874,0.0774641479216714,0.01445912499090049,0.06534359758316953,0.010318846909805635,0.058427968260901214,0.024350294824197427,0.0745341049719735,0.013967751328528785
SP0376199,0.041310663021189346,0.005596377306903623,0.046714798359535216,0.02242822966507177,0.07862696514012305,0.010594668489405322,0.04032809295967191,0.006365345181134657,0.046949760765550234,0.01738721804511277,0.07247522214627478,0.01033834586466165
SP0040444,0.057265329845975016,0.0073234524847428095,0.04040976460331299,0.017000871839581502,0.07718686428363847,0.017930834059866303,0.04559721011333915,0.006451612903225807,0.034408602150537634,0.008108108108108122,0.06195873292647486,0.015228131357163617
SP0217907,0.04991221069433359,0.007230646448523543,0.03886671987230646,0.017110933758978465,0.08110135674381486,0.012482043096568245,0.04579409417398245,0.007262569832402236,0.034972067039106144,0.013136472466081411,0.0755466879489226,0.011636073423782915
SP0255147,0.030294669462531728,0.003614391347533392,0.02407754846779237,0.005619320899091368,0.019175587683478677,0.011054703307214062,0.06713754920354634,0.005141080822572932,0.05293749770076886,0.0315362542765699,0.0824872162748777,0.02053673251664643
SP0348750,0.039219203061010975,0.003482497832780318,0.030116880399366254,0.010940722805129598,0.047350013451708396,0.011613308223477713,0.05852987773891728,0.004050458852718741,0.04292589603324067,0.021164021164021156,0.07854303052043161,0.016500762263474127
SP0072453,0.049583548200584436,0.005891269357585986,0.0390198928007751,0.016603378494522848,0.06227243604769273,0.016384604566124415,0.060748831903489446,0.0064069507602394025,0.05084149828887533,0.026057537543168797,0.08318097291891302,0.02044754895066648
SP0171839,0.057679612718670926,0.0062163054241390694,0.0383705578171416,0.01298272637253824,0.07850148531191556,0.011717460666740016,0.056689404775002755,0.005638684123665971,0.03947078886566179,0.014220486302123435,0.08039938387061281,0.010892287380349875
SP0248810,0.04871553884711781,0.007406910132474041,0.04446383816684569,0.015999820981023982,0.07482993197278918,0.013023630504833513,0.050684747583243824,0.007250268528464017,0.04768617973505193,0.019266917293233085,0.08165503043322593,0.014299140708915144
SP0044899,0.056728462084958665,0.00555622578785807,0.038980710714333594,0.008820257101111242,0.0656693610005228,0.016782616855001944,0.06542137504859184,0.005375263066178736,0.04494577820672646,0.01684293776222836,0.07692926368279247,0.01691666331550514
SP0069355,0.060198821796759935,0.008161512027491404,0.05598510882016038,0.02109583810614738,0.08580156002836414,0.01228658702885507,0.0570555828287787,0.007984236077019586,0.0521395843560792,0.019036709758359253,0.07993781705121912,0.011400207276495935
SP0234712,0.050951713083550405,0.0046884391905429755,0.036866359447004636,0.015568022440392718,0.0573231817271088,0.01352434381887397,0.05582047685834502,0.005069124423963136,0.04363854938890002,0.020677218994189527,0.07138849929873772,0.014926868363053507
SP0048192,0.05269327484827286,0.00596509803180125,0.046444574691346364,0.019918322587963916,0.07637405229623186,0.01268646839726987,0.05236240570229339,0.0064472216445141915,0.04624605320375867,0.015106539865005408,0.07915335312245937,0.01288498988485754
SP0039391,0.0453968868249054,0.006256449948400409,0.04217191262469899,0.014071637426900582,0.06778895768833845,0.01543687650498796,0.059081527347781215,0.007299191606467149,0.049417354661162705,0.0213170794633643,0.08674105607155143,0.01741486068111455
SP0081496,0.047199797199797194,0.008521508521508521,0.03746928746928746,0.011651261651261662,0.057018057018057025,0.01027651027651027,0.05293280293280293,0.009116259116259115,0.04473304473304473,0.019597519597519594,0.07234507234507238,0.011709761709761703
SP0292786,0.05655880773361976,0.004956587898317219,0.047462406015037595,0.02394378804153241,0.07167472252058718,0.014064178302900115,0.05934479054779807,0.004609738632295022,0.051669351951306855,0.02591299677765842,0.07562432867883996,0.01513829215896885
SP0233826,0.05517886902723557,0.010975275666050275,0.04818163139510991,0.016825331598292387,0.07294020957468664,0.015335707599936082,0.051788690272355775,0.010627125995936355,0.04668630002511245,0.01320115060612285,0.0724722051001073,0.0152443896536767
SP0297252,0.0483034998664173,0.00836227624899813,0.04456318461127437,0.012877371092706381,0.07373764360138929,0.017579481699171798,0.05366016564253273,0.008188618755009352,0.05228426395939087,0.019983970077477955,0.08067058509217205,0.019022174726155486
SP0070624,0.04878763655742073,0.007887023714361844,0.03944844124700239,0.011837196909139324,0.06518118838262722,0.011910471622701854,0.063449240607514,0.008726352251532109,0.051338928856914476,0.023394617639221984,0.08994138022914999,0.014308553157474016
SP0255995,0.05362144857943176,0.008931572629051617,0.04725090036014405,0.015502200880352143,0.07078831532613043,0.013421368547418978,0.053509403761504606,0.009155662264905962,0.045226090436174475,0.016926770708283304,0.07066826730692277,0.013349339735894365
SP0096680,0.055234282325029645,0.010339156691469852,0.05068478378086916,0.021359053165103004,0.07000835759732554,0.014248355440526248,0.05389302275423272,0.010096516769114631,0.05363690283619108,0.02331365253963119,0.07360077644775155,0.015798554944462414
SP0252261,0.044901541330700456,0.012742032801272556,0.05712796884427621,0.023306456036421494,0.07776863584005268,0.015501069606713831,0.04269102078876639,0.012281279139926497,0.057122483681641176,0.020306072075037013,0.08012725577313369,0.01609895233393669
SP0024768,0.05340048209366391,0.007300275482093667,0.057059228650137725,0.024956955922865016,0.09583333333333341,0.014127066115702467,0.04384469696969697,0.007825413223140494,0.04856232782369148,0.017355371900826446,0.07376893939393937,0.012362258953168032
SP0300766,0.03968253968253969,0.005804311774461026,0.04738213693437574,0.020344705046197592,0.06760838663823743,0.01089789149490642,0.03704690831556503,0.006485429992892679,0.04684908789386403,0.01643567874911158,0.06589078417436624,0.011223643686330253
SP0099854,0.04601672748409596,0.009025737074950756,0.05032776826944814,0.019730681047566753,0.07924564859366423,0.015242031840346159,0.03849258888494203,0.009752316982594376,0.03963897051700197,0.011592986081958212,0.05988633061000421,0.013304485419963184
SP0098875,0.0483023290986086,0.00601179673321234,0.03734686932849365,0.014339458560193575,0.07443852087114337,0.012118118572292795,0.05130822746521477,0.005756578947368422,0.03941696914700545,0.017042876588021783,0.06793519358741681,0.011324107683000602
SP0030885,0.04463896160558464,0.006503599476439791,0.04574334642233856,0.019306282722513095,0.07035340314136124,0.010089441535776615,0.03416775741710296,0.006667212041884818,0.03758998691099478,0.014575152705061064,0.05704624781849912,0.009462260034904014
SP0084553,0.05247117747117747,0.006591381591381589,0.04450954450954453,0.017506142506142484,0.07576545076545076,0.012521262521262523,0.05093555093555094,0.006355131355131355,0.04115479115479115,0.01623039123039125,0.0681109431109431,0.012025137025137023
SP0287146,0.05648535564853556,0.009882377037188757,0.04808058050735873,0.019830587822219622,0.07872253269742807,0.011425812681042811,0.0503189279339907,0.009648301489305679,0.04704187026362757,0.0162975100213594,0.07072007490417534,0.011228311437516462
SP0360385,0.08547367062467734,0.005498193082085701,0.0530846670108415,0.030685338151781125,0.09621192565823433,0.01893391843056272,0.05049690242643262,0.004723799690242644,0.025716313887454833,0.009434692823954562,0.040829891584925136,0.012003097573567373
SP0375016,0.05349913244650087,0.005118565644881437,0.03481781376518219,0.010670908039329092,0.06341816078658187,0.006593406593406597,0.05798149219201851,0.004945054945054945,0.03805668016194333,0.016367842683632155,0.07278773857721225,0.00824175824175825
SP0142784,0.05269368489583332,0.012166341145833332,0.04497612847222223,0.015570746527777755,0.07272677951388888,0.01643880208333333,0.04954698350694445,0.011935763888888892,0.04295518663194443,0.0161539713541667,0.07259114583333331,0.016587999131944448
SP0091570,0.06657551767481859,0.009140626722826211,0.049319690387456705,0.02129688843804444,0.07177431803647437,0.019461044832072685,0.07495534434471961,0.009482435442256378,0.05520762123183453,0.024670871281451894,0.08191280569828213,0.02187024499966921
SP0069380,0.058889650967840275,0.008097088858405727,0.05128791342783113,0.022538484987044662,0.09093507087334252,0.012498094802621556,0.04412437128486511,0.006858710562414268,0.03753238835543362,0.012936290199664689,0.05639384240207286,0.010116598079561038
SP0018597,0.052969858156028386,0.009219858156028365,0.04092789598108748,0.014273049645390046,0.0709663120567376,0.010387115839243493,0.05090130023640661,0.009072104018912529,0.04111997635933806,0.017449763593380643,0.07386229314420802,0.011303191489361696
SP0007607,0.043729093449633744,0.008616674429436422,0.044099589278909265,0.016989880171063208,0.07334758860143119,0.013337849853918789,0.05379599441080577,0.009844603463606728,0.05359486810348476,0.02496083329804802,0.08602913155777617,0.015275013761273673
SP0178192,0.05319211102994888,0.009306062819576334,0.04579985390796203,0.016303871439006593,0.06904309715120523,0.014901387874360853,0.05611395178962746,0.009685902118334554,0.04464572680788896,0.015310445580715834,0.06937910883856828,0.014784514243973701
SP0217644,0.053190264127764134,0.011190878378378382,0.04708614864864864,0.01660396191646191,0.07146421990171994,0.018792229729729732,0.05363175675675676,0.011248464373464372,0.04871775184275185,0.01833154176904177,0.07977579852579852,0.02002073095823097
SP0348063,0.04932655427704932,0.008897511372758904,0.04442065828204444,0.017616626527517616,0.07279680670769778,0.01574346623851575,0.05002898938542503,0.008540718936758541,0.04595932566229594,0.01780617250914282,0.07265185978057263,0.01568771742039069
SP0036676,0.05049382716049384,0.004938271604938267,0.03608465608465609,0.01897707231040563,0.060317460317460304,0.01724867724867725,0.054867724867724864,0.004320987654320989,0.043368606701940024,0.0221693121693122,0.07529100529100528,0.019611992945326288
SP0113604,0.06182420648761773,0.005447041041739331,0.044018137425880725,0.017242181141727726,0.07886292291594,0.0194802929891873,0.060080223229857,0.005941169631438203,0.04387280548773399,0.01996279502383443,0.07266015579583768,0.020555749331473076
SP0215022,0.0456727017324801,0.007725924769783049,0.04337053223037302,0.017636959575464337,0.08326830029655058,0.01750039019822068,0.04994537224910254,0.0073942562821913554,0.0480724207897612,0.017578429842359914,0.08652645543936319,0.016466364913376
SP0023698,0.05448006990656718,0.009612152987833569,0.045288028500369705,0.018014384620555227,0.07750218458022454,0.017762317671573564,0.05177455132083081,0.009074410163339382,0.03989379579216239,0.012788196545002366,0.07109968407609062,0.017073334677690392
SP0054862,0.05280629061116866,0.008349813227862008,0.047728913582572134,0.018528109991524627,0.07554854506074013,0.020458611922026547,0.05406974919170041,0.008059453181404401,0.047995730922560195,0.02072542926201463,0.0792447499764573,0.018818470037982215
SP0052325,0.04926630434782609,0.0052173913043478265,0.045706521739130444,0.01760869565217392,0.07314311594202895,0.013043478260869558,0.05280797101449275,0.005724637681159422,0.046032608695652164,0.01841485507246377,0.074356884057971,0.013070652173913039
SP0047242,0.052774641771602265,0.008111159357359966,0.04209292227529311,0.012314372557533653,0.0651671732522796,0.009266174554928354,0.055136778115501515,0.008050369083803735,0.0462440295267043,0.016899696048632232,0.07494572297003907,0.009023013460703432
SP0356552,0.050481000481000474,0.008633958633958636,0.04086099086099087,0.016654641654641644,0.08560606060606062,0.011928811928811931,0.05369167869167869,0.009259259259259259,0.04455266955266955,0.01902356902356902,0.0905002405002405,0.012337662337662328
SP0250520,0.052113463952409546,0.012627571904164168,0.04250122796485293,0.018399006712874536,0.06386781640561043,0.016331932543797414,0.0560497735087049,0.012873164874747586,0.044957157670687115,0.022164765595153624,0.06854090487365606,0.017382524695737582
SP0204335,0.05092909256725947,0.0047879616963064295,0.03770519835841313,0.011912904696762415,0.06389648882808939,0.012511399908800729,0.0616735066119471,0.005101459188326494,0.04748062015503875,0.02322731418148656,0.08367533059735523,0.014477884176926581
SP0314440,0.06742864054184809,0.010199967747137557,0.05099983873568778,0.02041001451378812,0.08943114013868729,0.013243831640058063,0.05390259635542654,0.009010643444605709,0.039217464925012095,0.014040074181583621,0.06556402193194646,0.010593049508143848
SP0104675,0.054611754611754604,0.007722007722007722,0.04664843414843412,0.01571750321750323,0.06167953667953677,0.01246246246246247,0.05552338052338053,0.008376233376233378,0.05146932646932647,0.020318532818532808,0.08216430716430716,0.013508151008151007
SP0284470,0.0429532067209953,0.009104967767719064,0.04854824416604406,0.02167642612639222,0.088026272349742,0.013292557905162374,0.04674115132664941,0.009574116870254208,0.051953919132595436,0.01962607078938681,0.08825215895466629,0.012319507914719115
SP0242393,0.05114342530449913,0.008376833209047979,0.05776162068108375,0.02783370618941089,0.1054250559284116,0.013882674620929665,0.033122048222719365,0.007879691772309221,0.03568854088988317,0.01503852846134726,0.058308476261496406,0.008718617946805866
SP0282295,0.05308073336919491,0.008080060964676348,0.05023982427828581,0.020334633315402584,0.07634592971131433,0.017880356822664527,0.062466379774072094,0.007749462076385153,0.05566949076564462,0.023679845795230383,0.08522166935628472,0.020099291733907114
SP0125414,0.045926339285714296,0.009040178571428567,0.0396763392857143,0.015234374999999977,0.071875,0.01264508928571429,0.047466517857142856,0.008939732142857142,0.04649553571428572,0.01753348214285716,0.07535714285714286,0.013303571428571442
SP0104088,0.05064490912644127,0.0027946062145788536,0.03395544264217315,0.010191518467852254,0.05392808286105139,0.0160641000586281,0.05784639437170217,0.003908540160250145,0.044576900527652924,0.02079343365253078,0.06291772522962674,0.02034395153410201
SP0016572,0.04332618225911761,0.009117619625034976,0.043862512825296164,0.013991232161178981,0.06729782669527094,0.012358921742374778,0.052537076765227134,0.00888443242234866,0.05321331965301744,0.02280570842272178,0.0852299225818487,0.015273761775953729
SP0010304,0.0549506237006237,0.007965176715176719,0.04736226611226612,0.01851611226611226,0.06878898128898124,0.010641891891891887,0.053638253638253634,0.007484407484407485,0.04927234927234926,0.018412162162162172,0.08101611226611227,0.011499480249480248
SP0027453,0.06081578947368419,0.005302631578947374,0.03319736842105263,0.012539473684210514,0.06028947368421054,0.013907894736842103,0.07207894736842105,0.00443421052631579,0.04040789473684211,0.017657894736842105,0.07153947368421053,0.016144736842105253
SP0243663,0.05680952380952381,0.006349206349206346,0.04323809523809524,0.018603174603174604,0.08350793650793648,0.010126984126984134,0.04803174603174603,0.006507936507936506,0.03641269841269842,0.01146031746031747,0.06287301587301587,0.008603174603174606
SP0274765,0.0625294864815823,0.009961894393032116,0.05828343313373252,0.021520595173289782,0.06623117401560517,0.014244238795137,0.05421883505715841,0.009925603338776994,0.05652331700235893,0.022899655234984568,0.06340047178370532,0.014262384322264563
SP0023492,0.050095611916264104,0.006466384863123997,0.04294987922705315,0.014995974235104667,0.07558373590982287,0.01091988727858292,0.04888788244766506,0.00603864734299517,0.04216988727858293,0.012806964573268933,0.07188506441223833,0.01119665861513689
SP0304469,0.05664106502816181,0.005785970302099335,0.0425499231950845,0.020061443932411667,0.07398873527905783,0.015750128008192518,0.051100870455709164,0.005693804403481823,0.04110599078341014,0.01874039938556068,0.07261648745519714,0.015954941116231438
SP0012724,0.043818586447701625,0.008805924334279798,0.04690737472181719,0.01812984421763487,0.07455298902616836,0.013199293991251628,0.04481620750517995,0.008748369273271434,0.04961246258921034,0.018475174583685056,0.06668713068835852,0.012547003299823499
SP0194474,0.06158764152874666,0.0055509188542273566,0.036951010188495025,0.013085995937199843,0.06467410988457242,0.009385383367714911,0.0636269152638458,0.005944601042470432,0.0385336125852322,0.015975623198903978,0.07276034203108514,0.01099948033951151
SP0262020,0.06328622035858877,0.006569910352805087,0.04099190283400811,0.019013880855986112,0.07733877964141124,0.01919462116830538,0.0602317090803933,0.006235540775014458,0.03669028340080971,0.015100853094274147,0.07023568536726432,0.01783906882591092
SP0030573,0.05987261146496816,0.008485720156153693,0.03953153893568933,0.015553729196630353,0.07131703307992601,0.011649886994041497,0.06348880213683995,0.007478939798643927,0.043599753441545104,0.020608177522087535,0.07211834805835216,0.010766385863981919
SP0088037,0.049091155724362456,0.00914270211611503,0.04220021703743898,0.014758545849158955,0.07044221378187737,0.014812805208898536,0.0548290830168204,0.00922409115572436,0.046839392295170895,0.016847531199131877,0.07966630493760173,0.016169289202387402
SP0244892,0.04441828276882448,0.005679558362632643,0.040568274018804584,0.009656840129182104,0.06089218384587239,0.011701162957188536,0.051012615937763496,0.005520467091970665,0.04882511096616128,0.018009131838936005,0.08132745756240357,0.01338753042620551
SP0288437,0.05505924245288965,0.008059179429003594,0.055910064914602646,0.020837272326211603,0.0734307052372849,0.013762841116783256,0.05228619146656582,0.00812220331505641,0.052632822839856284,0.017709711980840766,0.06416619398752128,0.012360559652108152
SP0079075,0.05424174174174173,0.011139264264264271,0.05121996996996996,0.01985735735735734,0.05961899399399403,0.012387387387387394,0.05925300300300301,0.011139264264264261,0.0563626126126126,0.024352477477477485,0.0668262012012012,0.012725225225225227
SP0012329,0.05128222728645561,0.00904697839158727,0.053691551577386684,0.02145053677823234,0.08055105570961804,0.020112023283270636,0.0396474561379424,0.008031080969770187,0.04269514840339365,0.014208835561901086,0.061413744817550325,0.017311441201504636
SP0296490,0.04974808461025983,0.010180712858094606,0.0522776482345103,0.02346352431712192,0.08012887241838772,0.015848809127248495,0.04107157728181213,0.009727889740173221,0.041779438707528316,0.014152023650899404,0.05866922051965357,0.013209943371085943
SP0141033,0.04139091577577918,0.00919169636291645,0.050957350528876094,0.017245036483964016,0.07092454324339607,0.013914814186322766,0.038456643475309686,0.010153289213190793,0.05486735675094744,0.022321681090559427,0.08203235477119747,0.015449120425363424
SP0322535,0.06720116319551105,0.0071846436348494466,0.04494412702313422,0.015096284464104076,0.07978538223669389,0.011188247902630155,0.05882192323182678,0.00606854935048091,0.043012294102789894,0.013969950782631253,0.06777456943335175,0.009819581823022255
SP0142810,0.05311355311355312,0.008257824047297729,0.04242979242979242,0.012450999293104573,0.05963627016258597,0.013270355375618534,0.06072874493927125,0.008257824047297732,0.04887218045112783,0.0168851616220037,0.0705128205128205,0.01494119915172546
SP0159507,0.06195749322103222,0.005491342614333542,0.037606229076091055,0.020299032008846755,0.06650205262599787,0.021420023328738276,0.05921560904670292,0.005907927226455391,0.038060685016587645,0.018950812718706928,0.06848651023283292,0.02207898444245832
SP0016789,0.04144833676773623,0.008340692768128743,0.04423510941026396,0.01352173486409577,0.042723972132273594,0.016593072318712584,0.05667746050436661,0.009292513001668137,0.055499950937101375,0.025964085958198404,0.07015994504955353,0.022294181140221768
SP0017107,0.057610326044051474,0.0070359990526565105,0.04641983105707744,0.016440356832714942,0.07335004341991,0.018680429462382575,0.05639654219625799,0.007391252861766795,0.0465185126707192,0.016006157732691245,0.07049814478566353,0.019085024078313733
SP0085026,0.05272620676177448,0.005833496189173345,0.03958374047293334,0.01671878053547001,0.06926910299003325,0.01137385186632793,0.05372288450263826,0.006214578854797731,0.04068790306820402,0.01773500097713504,0.07530779753761971,0.012145788547977338
SP0327496,0.042917726887192545,0.010008481764206956,0.04512298558100085,0.014192818772971436,0.06621430590896238,0.013316369804919424,0.041504099519366684,0.009386485722363587,0.043850720949957574,0.01668080294034494,0.07141645462256149,0.012977099236641223
SP0126065,0.051666666666666666,0.009512820512820513,0.050833333333333355,0.02188461538461539,0.07155128205128203,0.021717948717948715,0.040141025641025646,0.00923076923076923,0.04060256410256409,0.01597435897435899,0.06007692307692306,0.018076923076923074
SP0367806,0.06419459218209543,0.0037564622308178673,0.03698813553018188,0.02103246922304456,0.06968051474690372,0.010544129133038255,0.060456726298954884,0.0037006731877859186,0.037341466136050896,0.019042660021571754,0.0692156060549708,0.01123219399709897
SP0036981,0.055577830188679234,0.010259433962264152,0.05443396226415093,0.020683962264150924,0.08356132075471695,0.01820754716981132,0.05119103773584906,0.009941037735849057,0.05049528301886793,0.01995283018867925,0.0756367924528302,0.01681603773584905
SP0288732,0.04004728132387707,0.006359338061465725,0.047092198581560274,0.015791962174940895,0.07962174940898352,0.013829787234042552,0.037659574468085114,0.006122931442080379,0.04609929078014184,0.013593380614657206,0.07283687943262412,0.014278959810874708
SP0078830,0.05842508635578583,0.006921955958549224,0.03868469343696026,0.01844505613126081,0.07994656735751293,0.015098769430051808,0.054593048359240066,0.007056886873920551,0.037767163212435235,0.015557534542314332,0.07036647236614851,0.014437607944732294
SP0026204,0.05018159270085926,0.009487111347329259,0.04576136061652936,0.01894764815306936,0.07765081052351845,0.017982106475329974,0.05539906103286385,0.00949596952785898,0.047222960403933034,0.018947648153069353,0.08137124634600054,0.017406324740898232
SP0050183,0.047325826882477134,0.0060989913206661965,0.04415904292751584,0.021545859723199633,0.07417311752287113,0.010649777152240213,0.05794041754632888,0.006509500351864883,0.051771053248885764,0.02810227539291578,0.08835327234342011,0.011376964578935032
SP0081571,0.05148906760492587,0.007146896205076654,0.04765644634330235,0.015738879115355625,0.05855742648906764,0.011874842925358139,0.04754649409399346,0.007068358884141747,0.04566159839155567,0.017906509173159075,0.05048378989695905,0.013241392309625528
SP0091165,0.03074893617021277,0.00540425531914894,0.03554893617021275,0.012051063829787252,0.06233191489361703,0.011429787234042558,0.0424,0.005804255319148938,0.047710638297872345,0.02185531914893614,0.08631489361702127,0.014246808510638297
SP0106948,0.05645661157024792,0.0056473829201101975,0.04168388429752065,0.0165289256198347,0.07777203856749317,0.014152892561983474,0.053357438016528924,0.005509641873278235,0.0375,0.013860192837465583,0.0681818181818182,0.01353305785123966
SP0165266,0.04779576850946936,0.007778863678385584,0.02905517842520932,0.013094640640270471,0.05349454555059566,0.027259040122560023,0.04426292295094957,0.007726036081248844,0.026195884730183052,0.010875881560527212,0.051955941783987956,0.027298660820412587
SP0233098,0.04398630200379472,0.008376139571474848,0.04664723032069972,0.01883474478226665,0.07790735341755751,0.01566476930908417,0.03891896894812347,0.00934795686982276,0.04518950437317784,0.014530982461011616,0.07642648896293214,0.01575732333749826
SP0055872,0.050399351429257735,0.004999399471534949,0.0451747537833293,0.020643165986067726,0.07143286091760755,0.014517775642565454,0.047591880855152535,0.004909320201777565,0.042307230362719196,0.01661962527023781,0.06200456401633438,0.013016454479942353
SP0038787,0.05389221556886227,0.007716111401358358,0.05527870433629384,0.02180203351685891,0.08349073664751037,0.01227745850580718,0.05019491218904473,0.008097898163404733,0.05240525660089218,0.01856689305951853,0.07848732066069203,0.011895671743760801
SP0272555,0.04414220254737497,0.005941286113699908,0.051724137931034496,0.019124728176452305,0.07317878223050645,0.017105467536502012,0.04421015843429637,0.006038365952159054,0.052520192606399514,0.02271668219944081,0.07521745883814848,0.018513125194159694
SP0132721,0.046641156462585015,0.010746173469387756,0.05402848639455782,0.020758928571428595,0.06979166666666661,0.012202380952380956,0.04503613945578231,0.0108843537414966,0.05396471088435373,0.019058248299319732,0.06872874149659862,0.012468112244897961
SP0358691,0.04096779604159677,0.007135469081963549,0.045671195348317116,0.021644023258414417,0.08132757463938273,0.014173096276417302,0.0328189645532819,0.006632282231913229,0.04060438331656043,0.017101364195460142,0.06740607178799063,0.012481829363748172
SP0005026,0.057853789403085165,0.009429912810194504,0.051120053655264903,0.019758551307847087,0.08882629107981224,0.019812206572769962,0.05101274312541918,0.008571428571428572,0.04587525150905433,0.020201207243460764,0.08163648558014754,0.019476861167002014
SP0179674,0.05787410033301108,0.006427471622444232,0.050819994986930184,0.02255881405091848,0.08193683532065747,0.016838543345149847,0.050202313173631254,0.006329000608729901,0.043380957496329725,0.015119776560317957,0.06602033874028716,0.015066065098291975
SP0282824,0.055031042210058397,0.009551449248741784,0.045810220050696134,0.019176371184012365,0.06612541787590467,0.014712905477388783,0.05411263362844863,0.009955549024650087,0.045424488446420046,0.01704566327467763,0.06399470996656992,0.013867969582307777
SP0089400,0.048305935329861105,0.00573052300347222,0.03879123263888888,0.01925998263888887,0.07027859157986105,0.012858072916666663,0.050944010416666664,0.005276150173611113,0.042283799913194454,0.022420247395833332,0.07935926649305555,0.015089246961805554
SP0346814,0.043410015251652265,0.0089349262836807275,0.04504956786985257,0.015340620233858682,0.07669674631418402,0.012805033045246562,0.045901118454499235,0.009100152516522624,0.042005592272496194,0.013948906964921206,0.0722801220132181,0.012309354346720893
SP0081053,0.05808787432498775,0.007903780068728519,0.043894207167403033,0.018796023564064814,0.06422434953362784,0.017986008836524306,0.05419121256750122,0.007909916543937162,0.03894207167403043,0.011880216003927344,0.051184339715267556,0.015881197839960733
SP0079976,0.061123251748251756,0.0076813811188811195,0.04583697552447552,0.014346590909090906,0.07426791958041955,0.015100524475524481,0.05576923076923077,0.008118444055944054,0.045323426573426584,0.017067307692307677,0.07318618881118881,0.014707167832167828
SP0082166,0.047444444444444456,0.005158730158730158,0.039293650793650804,0.021579365079365094,0.0724126984126984,0.021468253968253966,0.04744444444444445,0.005111111111111111,0.04123809523809524,0.019119047619047615,0.07208730158730157,0.02211904761904763
SP0098923,0.04592373438527285,0.008251150558842867,0.044838921761998676,0.01594345825115056,0.05936883629191324,0.016107823800131503,0.047994740302432615,0.00831689677843524,0.05059171597633137,0.01755424063116371,0.072715318869165,0.0180802103879027
SP0352400,0.05434122647237401,0.002987249544626592,0.03502125075895569,0.012398299939283555,0.06387370977534913,0.013381906496660599,0.06563448694596236,0.0030601092896174846,0.04353369763205828,0.01952641165755918,0.08383727990285367,0.014438372799028527
SP0096549,0.06224598930481284,0.008021390374331548,0.041604278074866316,0.013939393939393908,0.06463458110516934,0.01796791443850267,0.06333333333333332,0.00901960784313726,0.04253119429590017,0.018217468805704108,0.06639928698752227,0.018859180035650625
SP0056779,0.0396274250440917,0.005114638447971781,0.04583333333333332,0.021274250440917127,0.06496913580246907,0.012874779541446202,0.03940696649029983,0.004883156966490299,0.04501763668430333,0.02380952380952381,0.07182539682539685,0.012588183421516741
SP0150154,0.05042400674662669,0.007062874812593703,0.05124390929535234,0.022758152173913058,0.07340470389805091,0.017299943778110952,0.053481071964017995,0.007461113193403299,0.05608133433283359,0.02798210269865066,0.08159201649175413,0.018506371814092953
SP0082203,0.03627694859038142,0.008499170812603648,0.05020729684908787,0.018421779988944186,0.08171641791044773,0.012658927584300721,0.03829463792150359,0.008761746821448316,0.05334438916528469,0.021724709784411267,0.0917910447761194,0.013764510779436155
SP0272323,0.0519810977826245,0.005920923859855156,0.037475882895730235,0.010737354248804608,0.06015994183933117,0.01661633531862539,0.07263093140955737,0.007186198025892684,0.055028940525123735,0.026941252132091843,0.08663283281603891,0.02242541173838882
SP0026465,0.06054100004359389,0.010506124940058412,0.04826932298705262,0.02202580757661624,0.07841449060551901,0.010375343301800429,0.06757051309996077,0.010266358603252103,0.05007846898295481,0.015323248615894309,0.08044160599851781,0.011443393347574004
SP0293791,0.04100140056022409,0.007598039215686277,0.04483543417366947,0.01720938375350143,0.07694327731092426,0.008613445378151268,0.046586134453781514,0.007895658263305324,0.049334733893557435,0.0201330532212885,0.08223039215686274,0.00947128851540617
SP0358187,0.048671328671328666,0.006620046620046625,0.050178710178710166,0.023651903651903665,0.07229215229215225,0.016891996891996896,0.04271950271950272,0.006620046620046621,0.04349650349650349,0.019471639471639466,0.06651126651126651,0.015850815850815853
SP0359816,0.06956009913258986,0.00826517967781908,0.046462205700123896,0.021350681536555165,0.0751548946716233,0.025402726146220578,0.06563197026022305,0.008091697645600993,0.04598513011152415,0.019591078066914493,0.06971499380421316,0.02447955390334573
SP0077372,0.04914035926870749,0.006477200255102039,0.04546662414965986,0.015000531462585034,0.07842394770408163,0.012861394557823128,0.05066167091836734,0.006676498724489797,0.047705410289115645,0.024002178996598643,0.08880075467687075,0.013957536139455788
SP0268114,0.05270867240176703,0.009842672246764318,0.047632333565837424,0.01525226691467099,0.06229559017282801,0.012640471208246145,0.059304037820661855,0.00913740990467333,0.052375416569789966,0.025660699062233592,0.0753623188405797,0.013740990467333177
SP0279594,0.055891856958207684,0.007022834984920291,0.04597156398104267,0.015844463593278735,0.07370745368375696,0.012602326583369237,0.06078199052132701,0.0081753554502369645,0.053511417492460134,0.016716932356742792,0.07966393795777683,0.01464885825075398
SP0033978,0.057021785605212254,0.007940547694187113,0.04152244731752011,0.015842919678306006,0.0825995113509111,0.013845057518069841,0.052186195663239336,0.007304285859716993,0.03774305202076758,0.013310597577114936,0.07505344599409548,0.013883233228138052
SP0037454,0.06593483551306967,0.01126634802248018,0.05240996550939299,0.019941523539401592,0.07496016947668818,0.016352399460755996,0.05053661781956335,0.009821944429854509,0.046763660556401764,0.017796803053381657,0.06801827827091761,0.015520773149850302
SP0060530,0.045509788464065164,0.003399684666929446,0.035491394034949435,0.012958218368151347,0.06408487715149123,0.013237419524372606,0.04823610563657864,0.0037610038102746015,0.03825055840231244,0.01888713703849693,0.07768361581920906,0.01350019708316911
SP0128704,0.04478904781019587,0.005941943253121503,0.04481017471954027,0.017244839752392646,0.08156571525151576,0.018533581222402982,0.04612532482623117,0.00589968943443264,0.05075739969999789,0.021486066803287338,0.09471193459108869,0.020033591785857643
SP0015219,0.059403642423521016,0.010052374717295563,0.04067968099035831,0.01498035948101414,0.0618914414950601,0.013403166289727417,0.07073562671110582,0.01152243780502321,0.052231877157481246,0.02263421021306988,0.08447208665635042,0.016569456017140823
SP0385654,0.055296441603336174,0.006001536393316692,0.05089302861532555,0.01965074487640265,0.06412384427556311,0.020014266509369244,0.04748415594392164,0.005830063924936211,0.04729210677933552,0.017888007901451328,0.05762846717331064,0.018512167686356287
SP0162923,0.06801623875356592,0.011718235681369324,0.05113012947114327,0.021977177967961406,0.08415624314241824,0.014439324116743469,0.05690147026552556,0.010335747202106647,0.042747421549264863,0.015448760149220968,0.06362738643844636,0.013188501206934383
SP0059046,0.05181347150259066,0.007022088901008999,0.049659121898009286,0.01838014725934004,0.07758385601308979,0.011794382328879194,0.05034087810199072,0.006476683937823835,0.05042268884646848,0.020616307608399248,0.07542950640850835,0.011630760839923635
SP0374623,0.041574001004376214,0.008042183800846547,0.0454982423416314,0.013774302317239421,0.07415166080780541,0.012303608580242485,0.04408494153095631,0.008056532032427,0.05003945763684626,0.01732548963340268,0.08263863978764617,0.012332305043403397
SP0048885,0.04498304811107522,0.007365999354213757,0.03745560219567322,0.00881901840490798,0.06576929286406201,0.010736196319018416,0.049786083306425574,0.007931062318372619,0.04203664836938974,0.017012431385211496,0.08253955440749113,0.012088311268969969
SP0210340,0.057460447354064366,0.004582651391162027,0.03787506819421711,0.017048554282596835,0.07356792144026182,0.01077468630660119,0.05536006546644844,0.005632842334969995,0.0374659028914348,0.015561920349154396,0.06687124931805781,0.011279323513366062
SP0284654,0.04315004659832246,0.00509918785780855,0.03902276660897352,0.015577153508187974,0.07152176807349221,0.01435228331780055,0.046371987751298104,0.0053255225669018745,0.040141126348022894,0.01557715350818802,0.07418452935694314,0.015736919185195042
SP0077171,0.04213536251063428,0.00983079686170715,0.044451271386709526,0.01632952074865299,0.07425087437375932,0.014202665658379809,0.04461669344928632,0.00994895547783344,0.044569430002835815,0.01800737309764627,0.07765384251819643,0.014273560828055587
SP0057083,0.048563611491108084,0.0067829457364341084,0.049618103055175555,0.022486320109439125,0.07700638394892836,0.018353853169174657,0.04471614227086183,0.0067829457364341076,0.04716712266301869,0.017755357957136356,0.07213292293661651,0.017584359325125396
SP0080935,0.055370370370370375,0.009259259259259262,0.04597222222222221,0.016064814814814823,0.06779320987654319,0.01382716049382716,0.05467592592592592,0.009583333333333333,0.044722222222222226,0.018024691358024696,0.06530864197530864,0.01367283950617284
SP0084966,0.033543769172631493,0.007913573111634731,0.03960491412143038,0.015404792602142876,0.05420945775722818,0.015864194786526183,0.04646630803657433,0.008224781042991154,0.05654351724240132,0.029705538019235603,0.08915366262096355,0.022399561345011046
SP0185690,0.05716494581885095,0.005149764874258845,0.04340242281741975,0.02142327744837457,0.06684471478225318,0.015161776732774478,0.059816499693314255,0.0054436720507053775,0.04542782662032304,0.021110202412594564,0.07211587609895727,0.016113780413003476
SP0131465,0.049933729616836696,0.011135432564864656,0.051349505984416406,0.01851554341714195,0.07787774118403087,0.014408787854446147,0.050154630894047716,0.010422523897501805,0.05138966985300024,0.020433368142019445,0.07884167403004255,0.014278255281548717
SP0081546,0.054215315934065936,0.0072866586538461574,0.04100489354395602,0.014208447802197807,0.06956129807692306,0.015024038461538458,0.062242445054945056,0.007844694368131868,0.04796960851648351,0.01810396634615386,0.07800695398351648,0.015732314560439553
SP0334976,0.047115384615384615,0.008155270655270653,0.03671652421652422,0.013443732193732174,0.06892806267806266,0.012286324786324793,0.048415242165242164,0.007674501424501426,0.04017094017094016,0.015081908831908832,0.07140313390313392,0.013105413105413116
SP0059826,0.04527186761229315,0.00576241134751773,0.039701536643026,0.012381796690307334,0.06025413711583923,0.013460401891252954,0.051315011820330964,0.00591016548463357,0.04516843971631206,0.018971631205673755,0.07421690307328602,0.014258274231678482
SP0197882,0.04632396891811118,0.005670557146003086,0.043492622770314925,0.015328593450152587,0.08016642023468712,0.01275678736590431,0.04651272532796426,0.00636266398213106,0.04608015855538429,0.017106049642935762,0.08218768679019725,0.013527542706137718
