filename,nose_tip_x,nose_tip_y,rel_x_0,rel_y_0,rel_x_1,rel_y_1,rel_x_2,rel_y_2,rel_x_3,rel_y_3,rel_x_4,rel_y_4,rel_x_5,rel_y_5,rel_x_6,rel_y_6,rel_x_7,rel_y_7,rel_x_8,rel_y_8,rel_x_9,rel_y_9,rel_x_10,rel_y_10,rel_x_11,rel_y_11,rel_x_12,rel_y_12,rel_x_13,rel_y_13,rel_x_14,rel_y_14,rel_x_15,rel_y_15,rel_x_16,rel_y_16,rel_x_17,rel_y_17,rel_x_18,rel_y_18,rel_x_19,rel_y_19,rel_x_20,rel_y_20,rel_x_21,rel_y_21,rel_x_22,rel_y_22,rel_x_23,rel_y_23,rel_x_24,rel_y_24,rel_x_25,rel_y_25,rel_x_26,rel_y_26,rel_x_27,rel_y_27,rel_x_28,rel_y_28,rel_x_29,rel_y_29,rel_x_30,rel_y_30,rel_x_31,rel_y_31,rel_x_32,rel_y_32,rel_x_33,rel_y_33,rel_x_34,rel_y_34,rel_x_35,rel_y_35,rel_x_36,rel_y_36,rel_x_37,rel_y_37,rel_x_38,rel_y_38,rel_x_39,rel_y_39,rel_x_40,rel_y_40,rel_x_41,rel_y_41,rel_x_42,rel_y_42,rel_x_43,rel_y_43,rel_x_44,rel_y_44,rel_x_45,rel_y_45,rel_x_46,rel_y_46,rel_x_47,rel_y_47,rel_x_48,rel_y_48,rel_x_49,rel_y_49,rel_x_50,rel_y_50,rel_x_51,rel_y_51,rel_x_52,rel_y_52,rel_x_53,rel_y_53,rel_x_54,rel_y_54,rel_x_55,rel_y_55,rel_x_56,rel_y_56,rel_x_57,rel_y_57,rel_x_58,rel_y_58,rel_x_59,rel_y_59,rel_x_60,rel_y_60,rel_x_61,rel_y_61,rel_x_62,rel_y_62,rel_x_63,rel_y_63,rel_x_64,rel_y_64,rel_x_65,rel_y_65,rel_x_66,rel_y_66,rel_x_67,rel_y_67
face_2E_069.jpg,308,546,-218,-135,-212,-76,-198,-19,-184,38,-163,90,-130,133,-87,168,-39,198,15,206,70,196,120,167,164,131,198,85,219,28,229,-32,237,-94,240,-157,-188,-193,-163,-225,-124,-239,-81,-237,-43,-222,28,-226,68,-246,114,-252,157,-241,189,-211,-6,-158,-5,-123,-5,-88,-4,-52,-45,-7,-23,-3,0,0,23,-5,45,-11,-143,-145,-118,-159,-90,-158,-64,-138,-91,-132,-120,-133,62,-143,86,-166,116,-169,144,-157,120,-142,89,-139,-77,77,-48,55,-19,42,1,47,21,41,54,52,88,70,56,91,26,102,4,105,-17,103,-46,95,-64,76,-18,70,2,71,23,69,73,70,23,71,3,75,-17,73
face_2E_060.jpg,476,773,-338,-193,-331,-111,-316,-31,-298,45,-275,117,-231,181,-165,229,-86,262,-1,271,80,256,151,215,209,162,245,97,264,21,276,-55,283,-131,279,-204,-289,-223,-248,-271,-186,-292,-119,-282,-59,-259,42,-258,95,-288,156,-303,214,-291,250,-247,-7,-194,-7,-151,-5,-110,-3,-67,-74,-9,-37,-3,0,0,36,-8,67,-17,-208,-183,-173,-202,-135,-201,-96,-177,-134,-171,-174,-170,72,-183,108,-211,147,-213,181,-197,150,-181,111,-179,-129,94,-73,70,-29,52,2,60,35,49,73,61,118,78,75,98,39,111,4,115,-29,115,-71,110,-109,91,-29,81,2,82,36,77,101,78,36,76,3,82,-28,81
face_2E_067.jpg,305,497,-235,-63,-226,-9,-215,43,-201,97,-178,145,-139,179,-86,200,-31,216,26,219,82,205,132,181,177,151,207,110,220,57,224,1,225,-54,223,-109,-203,-145,-179,-178,-140,-191,-97,-189,-55,-177,15,-189,55,-211,98,-220,142,-212,173,-183,-15,-139,-13,-112,-10,-86,-8,-58,-44,-5,-22,-1,0,0,21,-7,42,-14,-152,-101,-130,-117,-103,-121,-74,-109,-100,-101,-128,-97,52,-123,76,-140,104,-143,129,-133,107,-123,80,-121,-72,87,-43,61,-17,45,5,48,25,40,55,49,94,65,62,78,34,83,14,87,-8,89,-36,92,-59,83,-14,66,7,65,28,60,81,65,30,63,10,67,-11,69
face_2E_052.jpg,488,996,-350,-331,-345,-230,-327,-135,-311,-41,-288,49,-241,128,-177,193,-97,239,-7,252,83,238,157,194,219,134,267,65,300,-14,324,-99,342,-187,349,-281,-315,-355,-262,-396,-191,-397,-121,-382,-56,-352,64,-352,129,-373,193,-385,260,-384,313,-347,8,-292,8,-210,8,-127,8,-43,-78,-39,-40,-18,0,0,43,-15,81,-35,-244,-297,-198,-322,-145,-318,-98,-277,-149,-272,-203,-274,106,-270,153,-306,203,-309,244,-283,207,-261,158,-261,-148,38,-90,46,-34,47,-1,58,35,49,87,51,144,39,84,96,32,121,-7,125,-45,120,-98,92,-129,48,-37,74,-2,80,35,73,123,50,33,75,-4,82,-40,77
face_2E_055.jpg,413,830,-328,-195,-322,-119,-308,-44,-290,30,-261,102,-211,162,-144,214,-67,255,12,264,89,248,164,202,229,150,281,86,309,13,328,-65,341,-144,345,-227,-292,-270,-251,-311,-188,-328,-124,-319,-63,-294,36,-302,99,-333,167,-347,239,-335,293,-293,-12,-236,-9,-175,-7,-116,-4,-56,-61,-17,-32,-8,0,0,34,-11,67,-24,-222,-222,-185,-250,-137,-253,-95,-217,-139,-207,-187,-205,88,-225,128,-260,175,-266,215,-240,179,-220,132,-218,-117,92,-73,66,-26,48,7,55,38,44,82,57,129,79,82,111,39,126,7,131,-29,129,-73,117,-96,91,-28,82,7,85,38,80,109,80,37,79,6,84,-28,83
face_2E_031.jpg,810,1373,-536,-295,-522,-163,-500,-37,-472,91,-426,208,-352,305,-252,381,-140,434,-15,451,109,441,224,393,323,319,389,226,429,107,452,-18,475,-145,491,-275,-419,-427,-351,-483,-257,-497,-166,-481,-76,-452,85,-450,179,-469,273,-466,359,-432,409,-364,5,-346,5,-263,6,-182,5,-99,-88,-32,-46,-14,0,0,43,-10,85,-24,-300,-340,-248,-369,-187,-365,-135,-325,-193,-317,-252,-319,129,-313,181,-346,241,-342,290,-308,241,-293,182,-298,-181,135,-114,108,-53,91,-5,105,40,96,94,119,154,151,94,184,39,195,-10,197,-60,190,-118,172,-153,139,-56,140,-7,146,39,146,126,153,38,137,-7,138,-56,132
face_2E_036.jpg,610,1178,-435,-371,-429,-257,-415,-142,-392,-33,-348,73,-289,170,-215,255,-126,322,-26,343,73,320,157,253,228,173,291,86,332,-12,361,-113,382,-216,398,-325,-362,-378,-297,-427,-209,-440,-123,-427,-41,-400,80,-388,158,-412,241,-413,317,-392,368,-334,14,-313,11,-231,8,-153,5,-71,-103,-32,-53,-17,0,0,49,-12,95,-24,-276,-327,-221,-347,-161,-342,-108,-300,-168,-298,-229,-302,123,-287,176,-321,235,-320,282,-293,236,-274,177,-277,-196,67,-118,67,-50,61,-4,74,41,62,96,72,161,75,96,130,41,161,-7,169,-57,164,-123,131,-166,76,-53,94,-6,100,41,93,131,82,43,108,-5,116,-53,108
face_2E_038.jpg,501,806,-327,-206,-328,-123,-323,-42,-311,39,-284,116,-237,185,-174,243,-105,290,-25,310,55,303,129,266,200,217,250,157,278,85,292,7,304,-71,312,-150,-275,-261,-228,-306,-160,-318,-92,-306,-32,-275,59,-268,122,-289,193,-290,259,-268,299,-214,13,-220,10,-171,7,-122,4,-70,-75,-25,-39,-13,0,0,38,-6,75,-13,-211,-219,-173,-241,-129,-238,-87,-206,-132,-204,-176,-205,102,-187,146,-213,190,-208,226,-181,189,-172,143,-177,-157,76,-96,56,-37,45,0,54,37,50,94,70,147,98,92,153,33,174,-6,173,-46,165,-103,132,-136,79,-39,72,-1,78,35,79,126,99,35,128,-3,127,-41,119
face_2E_044.jpg,425,751,-326,-193,-322,-110,-310,-25,-293,58,-267,138,-225,210,-168,263,-92,299,-5,310,77,300,140,260,189,205,225,136,251,65,273,-9,290,-88,296,-166,-263,-297,-223,-342,-162,-362,-97,-358,-39,-333,65,-345,116,-369,175,-366,225,-343,256,-304,9,-260,7,-198,5,-138,3,-76,-58,-20,-31,-10,0,0,29,-10,57,-21,-195,-230,-163,-243,-124,-244,-83,-231,-124,-221,-162,-220,93,-226,133,-240,171,-239,203,-227,170,-213,131,-215,-115,99,-73,81,-32,68,-4,76,21,68,59,80,103,102,59,128,23,136,-5,139,-35,136,-71,129,-99,98,-33,98,-4,101,23,97,87,99,21,98,-5,102,-33,99
face_2E_043.jpg,520,831,-338,-203,-337,-117,-326,-31,-311,59,-290,147,-250,228,-183,289,-94,331,13,345,120,331,213,288,280,225,320,141,340,50,353,-41,361,-131,354,-221,-277,-311,-243,-362,-185,-389,-120,-387,-64,-362,44,-363,104,-393,172,-402,235,-378,280,-327,-11,-257,-10,-200,-9,-148,-8,-92,-69,-16,-36,-6,0,0,34,-8,67,-22,-211,-232,-179,-262,-137,-264,-94,-231,-135,-223,-177,-220,86,-238,127,-272,171,-273,208,-247,172,-232,127,-232,-109,122,-63,87,-27,64,5,72,35,61,79,77,133,107,82,130,45,133,12,137,-21,137,-57,140,-86,115,-25,98,7,99,37,94,112,102,40,97,9,100,-22,99
face_2E_076.jpg,369,713,-261,-140,-250,-79,-232,-23,-211,32,-184,84,-142,129,-89,162,-38,191,19,198,74,186,122,151,169,113,204,63,224,7,237,-53,247,-116,251,-181,-217,-185,-185,-210,-144,-220,-100,-217,-58,-207,22,-218,65,-234,110,-241,155,-236,192,-213,-9,-150,-7,-116,-5,-82,-3,-48,-45,-6,-22,-2,0,0,23,-4,44,-10,-164,-140,-136,-164,-99,-164,-72,-135,-102,-126,-138,-126,57,-144,83,-176,120,-181,149,-159,125,-142,89,-139,-78,75,-52,44,-23,30,4,35,30,28,62,40,93,70,66,99,38,114,10,117,-18,114,-49,100,-61,73,-20,51,5,52,32,50,76,70,34,81,7,84,-20,82
face_2E_071.jpg,477,770,-384,-134,-362,-51,-333,29,-302,106,-263,178,-203,240,-129,286,-45,316,45,316,125,291,186,237,235,171,267,93,275,6,279,-76,284,-154,279,-233,-324,-226,-293,-283,-236,-314,-170,-322,-104,-311,-3,-324,56,-355,121,-366,182,-351,219,-300,-38,-232,-30,-181,-21,-131,-11,-78,-77,-3,-39,-1,0,0,33,-11,64,-22,-248,-179,-214,-204,-174,-211,-134,-192,-169,-179,-210,-171,56,-217,89,-246,129,-250,165,-234,136,-218,95,-214,-99,142,-61,98,-21,67,13,73,44,57,86,71,127,102,98,133,63,155,29,165,-8,167,-51,164,-78,135,-17,112,17,110,50,101,107,101,53,106,20,115,-14,117
face_2E_054.jpg,445,1049,-297,-264,-306,-173,-306,-83,-290,4,-259,84,-208,159,-143,225,-68,283,25,298,120,282,203,233,278,174,336,102,373,22,395,-70,409,-162,411,-260,-273,-370,-222,-400,-161,-396,-104,-376,-53,-351,91,-360,147,-389,208,-401,275,-402,338,-379,14,-285,8,-207,2,-132,-3,-55,-78,-34,-41,-15,0,0,45,-17,87,-33,-213,-273,-169,-295,-119,-292,-73,-259,-122,-251,-173,-252,120,-262,170,-295,220,-297,264,-274,224,-254,174,-254,-138,63,-90,46,-36,36,3,48,50,36,114,46,176,59,117,120,56,155,6,162,-38,154,-90,121,-114,70,-38,85,4,90,50,83,152,65,54,86,7,93,-36,88
face_2E_053.jpg,528,936,-383,-297,-386,-199,-378,-100,-360,-4,-325,87,-269,170,-198,237,-118,290,-28,306,60,289,136,231,204,165,257,85,292,-2,315,-89,331,-179,340,-271,-281,-333,-224,-365,-156,-377,-90,-362,-32,-332,75,-324,130,-351,193,-360,254,-344,296,-302,17,-270,13,-200,11,-130,8,-59,-67,-31,-36,-14,0,0,34,-9,64,-25,-205,-275,-163,-296,-118,-293,-81,-258,-125,-252,-169,-255,94,-248,135,-278,180,-280,215,-256,180,-239,136,-240,-124,91,-78,71,-35,57,-7,69,20,61,54,77,91,100,50,130,16,143,-14,144,-43,140,-81,125,-106,92,-38,89,-9,96,18,92,73,98,16,98,-11,103,-40,96
face_2E_066.jpg,440,760,-318,-150,-311,-71,-298,6,-273,79,-242,148,-199,206,-141,251,-76,284,-2,293,75,277,139,238,198,193,245,135,274,62,287,-19,295,-103,298,-185,-274,-257,-240,-303,-187,-314,-132,-303,-81,-281,48,-295,97,-322,152,-339,210,-332,246,-288,-10,-217,-8,-166,-5,-117,-2,-65,-63,-5,-31,-2,0,0,30,-7,60,-15,-216,-182,-181,-208,-137,-209,-96,-181,-137,-170,-182,-167,77,-192,115,-226,159,-230,193,-208,162,-188,119,-186,-108,114,-66,84,-27,62,0,67,27,57,66,72,113,94,70,125,34,139,5,144,-24,145,-63,135,-87,110,-26,98,1,98,29,93,92,95,31,93,3,100,-25,98
face_2E_061.jpg,498,838,-387,-217,-376,-126,-357,-38,-335,49,-299,127,-244,192,-170,238,-88,270,1,277,85,263,151,221,211,169,253,96,268,9,280,-78,293,-165,300,-252,-324,-260,-279,-311,-210,-332,-137,-330,-68,-310,31,-316,90,-346,157,-353,219,-345,262,-304,-10,-223,-8,-171,-5,-121,-2,-69,-79,-19,-40,-9,0,0,37,-10,68,-24,-239,-201,-200,-231,-149,-234,-102,-202,-147,-186,-199,-182,60,-214,102,-252,151,-254,190,-230,157,-207,107,-205,-115,103,-68,73,-30,53,-1,62,26,52,64,67,108,95,70,117,35,127,5,130,-25,130,-65,125,-95,99,-29,83,0,85,29,82,88,93,31,79,2,84,-27,82
face_2E_068.jpg,362,628,-221,-141,-226,-85,-223,-28,-215,33,-197,91,-162,138,-113,174,-56,204,12,212,84,206,148,175,206,136,248,84,268,19,273,-49,277,-118,273,-185,-198,-210,-176,-243,-137,-256,-94,-254,-54,-240,29,-244,74,-266,125,-270,173,-258,207,-224,-9,-169,-9,-129,-9,-90,-9,-49,-54,-11,-28,-4,0,0,29,-9,56,-18,-154,-158,-129,-175,-100,-174,-71,-151,-101,-148,-131,-149,68,-160,94,-186,124,-191,154,-177,129,-166,98,-161,-87,63,-51,44,-20,33,4,38,28,30,66,36,110,51,70,73,35,84,9,88,-16,87,-48,80,-71,62,-19,56,5,57,29,53,96,51,32,53,7,57,-18,56
face_2E_070.jpg,380,677,-284,-195,-283,-117,-277,-42,-267,31,-248,101,-210,164,-153,212,-84,248,-6,259,71,247,144,212,205,167,248,105,269,35,279,-41,287,-113,290,-188,-253,-256,-216,-297,-160,-309,-103,-300,-53,-275,67,-278,119,-299,173,-304,224,-290,257,-249,5,-214,3,-162,2,-111,0,-60,-55,-15,-28,-6,0,0,28,-7,55,-17,-187,-207,-152,-234,-108,-231,-68,-194,-110,-186,-155,-187,78,-192,118,-227,161,-229,194,-202,164,-182,120,-182,-111,71,-64,61,-25,54,1,61,28,54,64,59,110,67,64,86,28,93,0,96,-27,94,-64,88,-95,70,-26,69,0,72,28,67,94,67,27,68,0,71,-26,69
face_2E_039.jpg,422,722,-309,-172,-302,-100,-295,-32,-285,37,-263,101,-220,159,-160,204,-93,238,-24,253,42,242,101,204,151,156,187,101,210,41,224,-20,235,-82,243,-146,-232,-211,-186,-234,-133,-240,-79,-236,-28,-223,52,-211,98,-218,146,-217,189,-209,220,-183,8,-177,8,-136,9,-95,10,-53,-58,-19,-30,-9,0,0,28,-6,55,-13,-173,-178,-139,-187,-107,-185,-75,-164,-110,-168,-142,-171,70,-155,102,-170,133,-170,164,-157,132,-154,102,-155,-140,51,-93,32,-40,26,-4,35,31,30,73,41,105,65,69,118,24,143,-13,145,-52,138,-101,109,-126,56,-43,48,-6,54,30,52,91,68,27,101,-10,104,-48,98
face_2E_045.jpg,525,956,-370,-278,-370,-178,-358,-75,-336,25,-304,122,-250,206,-178,273,-95,325,-3,337,86,320,168,266,235,197,282,120,311,31,335,-58,350,-151,356,-243,-288,-335,-242,-383,-176,-400,-107,-393,-44,-368,80,-365,139,-390,206,-398,267,-383,306,-334,12,-266,7,-202,2,-140,-3,-74,-79,-19,-40,-9,0,0,42,-9,81,-19,-226,-257,-184,-278,-136,-273,-93,-239,-140,-232,-190,-234,106,-243,145,-279,194,-282,235,-261,198,-237,149,-235,-141,123,-87,82,-35,57,5,68,43,55,89,76,139,107,94,148,48,169,6,176,-38,175,-88,160,-118,120,-36,106,5,107,44,101,117,108,45,107,5,113,-35,113
face_2E_074.jpg,505,841,-356,-212,-350,-124,-335,-36,-315,50,-287,129,-239,198,-169,252,-87,293,5,306,95,286,173,242,239,187,281,121,302,43,316,-41,326,-124,329,-208,-311,-273,-269,-319,-207,-337,-140,-337,-79,-312,62,-314,127,-339,192,-344,254,-325,293,-278,-4,-235,-2,-180,0,-129,2,-76,-71,-19,-36,-8,0,0,35,-8,66,-19,-223,-210,-181,-233,-135,-233,-94,-205,-135,-195,-183,-193,84,-206,130,-237,174,-237,210,-215,177,-198,131,-197,-137,97,-76,79,-28,66,3,74,36,65,82,77,136,90,84,120,39,133,3,138,-31,136,-78,124,-116,98,-29,95,3,97,37,93,117,92,37,91,3,96,-29,93
face_2E_073.jpg,493,834,-327,-256,-324,-169,-314,-83,-303,4,-278,85,-232,155,-170,213,-100,258,-25,275,51,262,117,214,174,154,217,85,245,7,265,-73,285,-156,293,-240,-280,-315,-235,-352,-173,-362,-114,-348,-59,-320,56,-307,110,-327,168,-335,224,-320,260,-276,1,-238,2,-176,3,-117,4,-56,-63,-19,-33,-10,0,0,30,-7,58,-17,-208,-238,-172,-254,-131,-252,-92,-222,-135,-216,-177,-219,75,-212,113,-238,153,-238,188,-219,155,-202,113,-204,-129,73,-79,66,-35,58,-4,69,22,60,57,70,96,81,55,110,20,125,-8,129,-41,125,-83,107,-111,77,-36,85,-5,90,22,88,79,83,21,88,-6,92,-38,87
face_2E_041.jpg,484,790,-353,-195,-349,-110,-332,-26,-312,57,-285,142,-238,217,-172,277,-92,313,0,323,90,309,170,270,241,206,289,125,316,42,331,-42,339,-128,338,-215,-315,-270,-268,-312,-202,-327,-132,-324,-63,-309,55,-308,121,-325,189,-329,253,-315,299,-276,-5,-248,-5,-191,-4,-134,-3,-74,-65,-19,-33,-8,0,0,33,-8,63,-19,-241,-220,-199,-247,-149,-247,-102,-212,-151,-204,-201,-202,94,-213,140,-248,190,-249,230,-223,193,-205,144,-205,-131,102,-78,80,-31,65,3,75,37,66,84,77,134,100,86,132,39,148,3,152,-31,148,-78,134,-110,102,-31,99,3,103,38,99,114,101,37,105,2,109,-32,106
face_2E_033.jpg,235,404,-170,-101,-164,-59,-156,-18,-148,22,-133,60,-108,92,-74,118,-35,137,9,140,51,131,85,107,115,78,134,44,143,4,146,-35,149,-74,151,-114,-147,-124,-127,-145,-97,-151,-66,-147,-36,-136,26,-140,53,-153,82,-160,110,-157,130,-138,-4,-107,-3,-83,-2,-60,0,-34,-32,-8,-16,-4,0,0,16,-5,31,-10,-107,-97,-89,-107,-68,-107,-48,-96,-67,-90,-89,-88,37,-99,57,-112,77,-113,94,-105,80,-95,58,-94,-62,48,-37,41,-16,36,-1,40,15,35,37,39,62,43,38,58,18,65,1,67,-14,67,-36,63,-52,49,-15,48,-1,49,16,47,51,44,16,48,0,51,-15,51
face_2E_034.jpg,1068,1722,-789,-351,-787,-177,-772,1,-734,178,-670,341,-558,469,-400,554,-232,618,-47,634,135,615,306,550,467,464,584,335,646,168,676,-7,694,-182,697,-352,-635,-548,-546,-658,-409,-708,-266,-697,-138,-641,116,-636,250,-687,391,-696,518,-646,589,-535,-7,-486,-1,-369,6,-258,10,-142,-158,-37,-80,-17,0,0,78,-21,149,-46,-466,-415,-380,-451,-291,-455,-198,-414,-291,-395,-382,-392,159,-414,251,-451,337,-448,413,-413,336,-395,250,-397,-295,190,-179,119,-76,86,-1,102,76,84,163,112,261,179,159,209,73,226,-6,237,-85,233,-183,217,-252,184,-80,144,-3,149,73,140,224,175,72,148,-4,158,-81,155
face_2E_048.jpg,419,814,-279,-187,-267,-108,-248,-32,-231,43,-207,117,-170,181,-119,235,-60,278,7,292,80,282,149,242,209,188,254,122,278,45,291,-38,307,-121,315,-205,-248,-284,-217,-325,-163,-333,-109,-327,-59,-306,53,-310,106,-334,164,-344,223,-333,261,-291,0,-241,1,-183,0,-124,-1,-64,-54,-13,-27,-6,0,0,30,-7,58,-15,-190,-214,-157,-237,-114,-240,-74,-212,-114,-200,-158,-197,86,-215,125,-244,170,-246,205,-223,172,-205,127,-205,-100,100,-65,80,-30,66,0,74,30,66,69,80,112,97,71,129,33,142,3,145,-30,140,-64,127,-84,100,-30,93,1,98,31,94,94,99,31,97,1,101,-30,97
face_2E_059.jpg,581,935,-352,-197,-343,-111,-328,-25,-308,59,-276,136,-226,201,-161,253,-87,294,-7,305,69,287,137,243,195,186,235,117,255,37,266,-48,277,-135,277,-221,-286,-278,-246,-325,-183,-346,-115,-341,-59,-313,46,-311,101,-336,162,-344,220,-328,251,-282,-4,-246,-1,-186,3,-128,7,-69,-62,-18,-32,-8,0,0,32,-10,61,-23,-213,-229,-178,-248,-135,-252,-92,-225,-134,-214,-178,-211,73,-228,114,-253,156,-254,188,-235,158,-218,114,-219,-118,92,-68,75,-29,62,1,71,27,61,63,72,103,89,65,115,31,125,2,129,-29,126,-68,118,-100,91,-29,88,1,91,28,87,87,89,28,87,2,92,-28,89
face_2E_081.jpg,421,732,-328,-171,-312,-92,-287,-22,-261,48,-228,111,-182,168,-121,214,-49,246,30,254,104,230,158,185,201,126,227,53,242,-20,248,-96,251,-168,249,-243,-290,-220,-246,-261,-188,-279,-128,-278,-72,-261,3,-274,54,-301,109,-318,170,-316,214,-282,-25,-223,-18,-166,-11,-111,-3,-56,-70,-20,-36,-9,0,0,34,-17,61,-36,-218,-188,-186,-211,-149,-217,-109,-196,-144,-190,-182,-183,46,-211,83,-241,121,-246,155,-230,126,-217,88,-213,-126,70,-76,58,-31,47,2,51,35,40,77,39,127,33,85,76,48,100,13,108,-22,108,-68,98,-105,70,-29,70,4,70,38,61,107,41,42,63,8,72,-26,73
face_2E_050.jpg,459,822,-312,-173,-299,-96,-286,-19,-269,57,-242,131,-195,194,-132,243,-60,282,23,290,103,272,174,226,231,168,270,100,288,23,298,-53,302,-131,302,-209,-258,-239,-228,-288,-171,-309,-110,-310,-51,-293,27,-298,86,-325,149,-334,209,-320,244,-272,-8,-226,-8,-171,-8,-118,-8,-62,-64,-14,-33,-7,0,0,32,-12,64,-21,-190,-184,-157,-198,-121,-202,-84,-191,-118,-183,-155,-177,72,-203,104,-219,140,-219,171,-211,143,-201,108,-198,-104,92,-63,67,-22,52,9,60,43,48,83,57,127,71,86,101,49,120,12,128,-22,126,-61,114,-85,91,-22,83,10,84,44,78,107,74,45,79,10,84,-22,81
face_2E_057.jpg,478,931,-352,-192,-339,-106,-318,-25,-293,54,-261,129,-213,199,-148,254,-76,288,8,298,91,282,160,242,221,187,263,119,287,41,306,-39,321,-120,330,-202,-308,-259,-267,-312,-200,-328,-130,-321,-62,-297,42,-303,106,-329,175,-337,241,-319,282,-268,-8,-223,-7,-174,-5,-126,-3,-76,-71,-12,-36,-5,0,0,35,-7,67,-15,-232,-205,-191,-232,-142,-231,-98,-197,-143,-185,-194,-185,82,-200,126,-235,175,-236,213,-210,179,-191,129,-190,-121,104,-75,74,-34,57,-1,67,35,57,79,73,125,99,83,127,41,143,3,147,-33,144,-74,130,-99,103,-33,89,0,93,37,88,104,98,37,96,0,100,-33,95
face_2E_062.jpg,359,575,-285,-144,-273,-76,-257,-13,-241,51,-215,110,-173,154,-114,185,-53,208,11,217,75,203,135,175,190,139,228,89,247,29,257,-36,266,-103,271,-172,-243,-203,-212,-243,-163,-256,-112,-247,-62,-229,29,-234,80,-255,134,-264,187,-253,221,-214,-9,-170,-6,-131,-2,-95,1,-55,-54,-11,-27,-5,0,0,25,-5,51,-11,-179,-149,-148,-167,-113,-168,-77,-147,-112,-138,-149,-136,58,-147,92,-168,128,-170,161,-153,131,-140,94,-140,-93,72,-56,51,-25,38,0,46,23,39,55,50,95,71,56,87,25,94,1,96,-25,93,-55,86,-78,71,-25,64,0,67,24,64,80,70,23,66,0,68,-25,65
face_2E_065.jpg,271,534,-214,-132,-207,-76,-197,-21,-185,34,-166,86,-132,130,-89,164,-39,190,17,195,71,183,120,155,163,119,195,73,212,20,219,-37,224,-93,225,-150,-191,-146,-166,-175,-125,-182,-82,-177,-42,-163,27,-168,66,-187,109,-199,153,-197,185,-170,-9,-136,-8,-104,-7,-74,-6,-42,-46,-8,-24,-4,0,0,23,-7,46,-14,-145,-126,-119,-139,-90,-139,-63,-122,-91,-118,-121,-118,57,-128,84,-148,113,-151,140,-141,117,-128,87,-126,-82,54,-47,41,-18,31,4,35,25,29,57,34,98,41,60,63,29,74,6,78,-16,78,-45,71,-68,54,-17,46,4,47,26,44,84,42,27,50,5,53,-17,52
face_2E_035.jpg,416,669,-290,-167,-281,-95,-263,-25,-245,43,-222,110,-179,169,-118,215,-49,245,23,252,92,236,150,198,198,148,228,87,242,23,252,-41,260,-107,257,-174,-252,-211,-213,-250,-156,-264,-96,-261,-40,-240,26,-241,79,-262,137,-268,191,-257,229,-222,-6,-193,-5,-151,-5,-108,-4,-63,-48,-11,-26,-4,0,0,25,-7,48,-17,-186,-170,-155,-191,-118,-193,-79,-169,-118,-160,-156,-158,68,-172,103,-197,141,-198,173,-180,143,-166,105,-166,-92,88,-52,70,-17,55,6,60,28,51,65,59,108,73,72,100,37,110,13,113,-12,114,-47,108,-75,87,-16,77,8,78,31,72,91,74,33,74,11,79,-14,77
face_2E_049.jpg,502,815,-408,-177,-398,-84,-381,6,-352,91,-305,165,-234,225,-149,267,-58,294,28,292,103,270,158,217,209,158,243,93,260,19,267,-55,266,-130,259,-207,-328,-278,-277,-313,-212,-319,-150,-308,-89,-289,46,-295,99,-320,155,-329,209,-327,244,-293,-18,-230,-12,-178,-4,-125,4,-71,-74,-12,-37,-5,0,0,31,-10,58,-23,-254,-205,-213,-229,-165,-229,-119,-202,-165,-191,-213,-189,60,-209,100,-239,145,-240,182,-219,150,-204,105,-202,-147,93,-87,75,-32,61,1,67,32,56,79,63,120,77,85,111,45,132,11,138,-24,139,-82,125,-127,95,-31,93,2,94,35,87,102,80,39,88,7,94,-26,94
face_2E_032.jpg,710,1267,-540,-266,-536,-137,-519,-8,-495,121,-446,244,-365,349,-256,433,-129,493,15,512,162,491,278,422,375,336,451,232,491,110,513,-17,526,-149,534,-277,-472,-415,-409,-511,-296,-550,-175,-549,-64,-512,81,-506,197,-536,315,-533,422,-488,484,-395,1,-378,-2,-299,-4,-229,-6,-151,-111,-28,-56,-14,0,0,54,-15,106,-31,-358,-346,-297,-400,-219,-398,-148,-337,-221,-323,-299,-323,151,-333,224,-389,303,-386,361,-332,304,-307,225,-311,-205,172,-122,126,-47,97,3,111,54,96,130,124,217,166,132,196,59,207,3,209,-53,208,-121,201,-173,166,-49,148,3,151,56,147,184,161,56,152,2,155,-50,153
face_2E_040.jpg,593,1019,-404,-335,-389,-224,-370,-118,-352,-16,-314,79,-249,161,-174,230,-92,291,-7,304,71,277,139,216,207,155,260,81,292,-8,310,-104,330,-202,349,-306,-331,-315,-271,-354,-200,-368,-124,-361,-57,-336,67,-341,135,-364,202,-372,270,-358,314,-313,6,-264,5,-193,6,-123,8,-52,-70,-27,-36,-12,0,0,35,-13,67,-28,-233,-258,-187,-280,-137,-279,-95,-243,-140,-237,-192,-238,87,-249,132,-285,180,-285,222,-263,184,-244,135,-242,-152,59,-89,58,-37,55,-6,64,29,53,74,53,123,47,74,96,33,123,-3,131,-39,128,-90,107,-131,62,-38,75,-5,78,31,70,100,55,32,83,-4,94,-38,91
face_2E_047.jpg,489,933,-335,-297,-338,-199,-327,-105,-309,-11,-280,76,-230,159,-167,227,-98,281,-15,297,70,285,143,237,207,178,258,106,290,26,308,-58,322,-148,328,-237,-278,-376,-228,-413,-161,-421,-96,-405,-36,-376,68,-369,130,-387,195,-391,256,-378,301,-338,11,-286,8,-212,5,-139,3,-63,-66,-25,-34,-11,0,0,35,-9,67,-21,-218,-298,-176,-319,-128,-314,-86,-275,-134,-271,-182,-274,103,-263,146,-294,194,-292,233,-266,195,-249,147,-252,-127,95,-83,66,-35,47,-1,59,32,50,75,70,113,101,73,128,31,143,-5,147,-42,142,-86,126,-109,94,-38,88,-2,93,32,88,94,98,32,90,-2,95,-38,89
face_2E_072.jpg,522,883,-368,-278,-360,-186,-346,-97,-329,-7,-300,77,-247,152,-176,210,-93,250,-4,262,82,242,156,196,218,136,259,62,282,-18,299,-103,315,-188,321,-278,-316,-307,-269,-350,-202,-363,-134,-355,-70,-329,57,-329,116,-353,180,-363,243,-356,288,-314,-3,-270,-1,-195,1,-121,2,-48,-71,-23,-36,-11,0,0,34,-12,65,-24,-241,-266,-196,-291,-147,-288,-106,-248,-153,-247,-201,-249,93,-247,138,-286,185,-292,224,-267,189,-250,142,-248,-149,53,-95,47,-42,44,-2,53,34,43,85,45,137,45,87,87,38,111,-1,118,-41,114,-94,92,-131,58,-43,72,-2,78,35,71,120,52,36,71,-2,79,-42,72
face_2E_075.jpg,298,552,-212,-137,-206,-85,-194,-33,-180,19,-168,74,-144,127,-106,168,-53,193,7,198,69,188,126,161,172,124,202,73,217,17,229,-36,239,-90,243,-147,-193,-185,-169,-218,-130,-235,-87,-236,-46,-224,32,-224,73,-241,120,-244,163,-230,194,-201,-6,-169,-5,-127,-4,-86,-4,-43,-44,-10,-23,-4,0,0,23,-6,46,-14,-148,-155,-125,-174,-94,-174,-66,-153,-95,-146,-126,-145,63,-158,90,-180,121,-182,146,-165,122,-154,92,-153,-74,73,-48,52,-21,38,3,44,25,36,55,46,88,62,57,79,27,88,3,91,-21,91,-48,86,-62,71,-21,61,3,62,26,59,75,62,26,64,3,67,-21,66
face_2E_064.jpg,500,886,-350,-230,-344,-142,-328,-55,-311,33,-287,120,-235,192,-165,249,-85,292,1,305,85,288,157,246,221,195,267,126,296,47,316,-37,328,-123,335,-210,-298,-287,-259,-342,-195,-365,-127,-361,-66,-338,65,-346,126,-368,190,-373,253,-351,288,-299,0,-261,2,-197,3,-135,5,-72,-70,-22,-35,-9,0,0,35,-10,66,-22,-227,-236,-189,-259,-141,-257,-96,-230,-140,-221,-188,-218,88,-232,135,-261,180,-262,219,-240,183,-223,136,-223,-133,79,-80,63,-33,50,-2,60,33,50,79,62,127,78,78,106,36,118,-2,121,-36,117,-80,105,-114,80,-34,78,-2,82,34,76,107,81,34,79,-2,84,-34,80
face_2E_063.jpg,384,632,-272,-154,-263,-86,-246,-22,-227,44,-200,107,-162,165,-113,209,-55,239,13,248,82,234,140,197,190,150,228,89,249,22,263,-48,271,-117,272,-186,-236,-216,-204,-246,-160,-259,-111,-259,-66,-245,29,-251,74,-272,126,-281,176,-272,214,-239,-13,-194,-9,-151,-6,-108,-2,-64,-49,-11,-25,-4,0,0,25,-6,49,-15,-178,-172,-151,-194,-117,-195,-84,-171,-116,-164,-151,-162,62,-178,92,-205,127,-207,159,-188,131,-175,95,-174,-85,86,-51,63,-21,50,3,57,26,50,58,61,95,80,60,105,29,114,5,116,-21,114,-51,106,-69,85,-21,75,4,76,27,75,79,81,27,83,3,85,-21,82
face_2E_056.jpg,571,849,-406,-262,-398,-161,-376,-65,-350,31,-314,118,-260,198,-184,260,-96,309,0,323,94,308,182,259,256,195,305,111,334,17,350,-82,362,-180,364,-281,-334,-307,-283,-353,-211,-368,-137,-358,-71,-330,50,-334,113,-366,182,-381,253,-370,302,-324,-7,-266,-5,-200,-3,-136,0,-70,-72,-23,-38,-9,0,0,37,-9,69,-22,-256,-252,-211,-281,-159,-281,-110,-244,-159,-234,-212,-233,87,-247,132,-288,183,-291,228,-263,190,-242,137,-240,-130,101,-77,76,-29,59,1,67,33,59,77,76,126,97,76,132,34,144,0,147,-32,145,-78,132,-108,101,-30,97,1,100,33,97,105,98,32,101,0,105,-31,102
face_2E_080.jpg,305,554,-228,-167,-223,-106,-212,-45,-203,17,-190,77,-162,129,-118,170,-65,202,-5,214,56,204,111,174,155,134,184,83,201,26,213,-32,228,-90,236,-148,-185,-216,-155,-246,-111,-260,-64,-261,-24,-242,41,-234,82,-247,129,-243,169,-223,197,-190,4,-179,3,-137,2,-96,1,-54,-40,-13,-21,-6,0,0,21,-5,41,-12,-136,-176,-109,-193,-77,-189,-50,-161,-81,-157,-113,-159,59,-155,87,-179,119,-179,144,-160,120,-146,88,-147,-83,75,-48,61,-20,50,2,57,24,50,51,61,81,76,50,93,23,101,0,103,-22,100,-49,93,-69,76,-21,72,1,74,23,72,67,76,23,75,1,76,-21,74
face_2E_051.jpg,510,824,-373,-149,-366,-66,-355,19,-341,107,-315,194,-262,260,-187,313,-100,357,2,370,104,362,194,325,273,270,326,196,352,108,363,10,370,-87,372,-177,-311,-259,-265,-307,-198,-326,-126,-323,-63,-299,57,-310,122,-335,192,-344,259,-324,305,-274,1,-242,2,-188,2,-136,2,-80,-75,-17,-39,-9,0,0,40,-9,79,-17,-240,-208,-200,-235,-152,-235,-108,-205,-153,-199,-201,-198,112,-208,153,-240,201,-243,240,-217,204,-203,157,-202,-152,119,-90,78,-36,55,3,66,45,54,101,77,165,120,105,150,52,160,8,161,-34,157,-88,146,-129,118,-36,103,4,105,46,103,141,119,49,109,6,110,-34,107
face_2E_023.jpg,381,759,-282,-162,-274,-94,-259,-29,-242,37,-221,104,-185,167,-136,218,-74,258,2,270,78,261,141,224,194,176,232,114,253,49,270,-19,286,-88,296,-161,-241,-225,-205,-261,-152,-271,-95,-267,-37,-258,41,-259,99,-276,157,-284,214,-272,252,-232,2,-199,1,-154,-1,-109,-3,-62,-49,-8,-24,-4,0,0,25,-4,49,-7,-175,-176,-143,-192,-106,-197,-72,-178,-104,-166,-143,-162,80,-179,118,-200,157,-199,188,-182,159,-167,119,-169,-93,96,-60,68,-24,51,1,60,27,53,65,70,100,98,66,119,29,129,1,131,-26,128,-60,117,-76,93,-24,84,1,87,27,85,83,95,27,87,1,89,-25,86
face_2E_058.jpg,505,743,-341,-183,-343,-100,-341,-18,-334,67,-310,147,-263,215,-192,264,-111,300,-23,319,65,312,145,277,214,230,259,160,285,81,303,-3,314,-87,314,-172,-273,-256,-232,-308,-169,-334,-98,-333,-35,-307,44,-305,104,-329,174,-330,237,-301,276,-245,7,-241,8,-184,9,-130,9,-72,-71,-30,-38,-14,0,0,39,-9,74,-22,-200,-225,-163,-246,-125,-246,-83,-217,-126,-218,-165,-218,86,-214,131,-239,170,-239,204,-216,168,-208,128,-211,-135,77,-87,55,-44,45,-10,56,21,49,62,69,107,100,55,114,14,116,-18,115,-54,109,-92,98,-116,74,-46,74,-11,81,20,79,88,96,17,84,-15,83,-50,76
