devGenes_id,child_count,dob,gender,gender_other,sex,sex_other,parent_edu,race,race_other,ethnicity,marital_status
2208,NA,1972-03-31,1,NA,1,NA,7,6,NA,2,2
2209,NA,1976-01-05,1,NA,1,NA,7,6,NA,2,2
2210,NA,1976-02-12,1,NA,1,NA,6,6,NA,2,2
2231,NA,2009-01-27,2,NA,2,NA,5,2,NA,2,3
2266,4,1976-02-02,1,NA,1,NA,6,6,NA,2,2
2267,NA,1970-10-12,1,NA,1,NA,6,6,NA,2,2
2272,NA,1980-09-16,1,NA,1,NA,6,6,NA,2,2
2276,NA,1969-09-26,1,NA,1,NA,7,6,NA,2,2
2292,NA,1969-06-06,1,NA,1,NA,6,6,NA,2,2
2309,NA,1973-03-30,4,NA,1,NA,7,6,NA,2,2
2325,NA,1977-04-13,1,NA,1,NA,6,6,NA,2,2
2341,NA,1953-02-18,1,NA,1,NA,7,6,NA,2,2
2347,NA,1983-12-01,1,NA,1,NA,7,6,NA,2,2
2373,NA,1998-01-11,2,NA,2,NA,4,6,NA,2,3
2375,NA,1973-04-23,1,NA,1,NA,6,6,NA,2,2
2394,NA,2001-10-30,1,NA,1,NA,2,6,NA,2,3
2397,NA,1987-11-01,1,NA,1,NA,6,6,NA,2,2
2415,NA,2001-04-12,1,NA,1,NA,5,6,NA,2,3
2416,NA,2002-01-08,4,NA,1,NA,2,6,NA,2,3
2418,NA,2001-10-30,14,NA,1,NA,5,36,NA,2,3
2435,NA,2001-11-09,1,NA,1,NA,2,6,NA,2,3
2453,NA,1989-09-13,1,NA,1,NA,6,6,NA,2,2
2456,NA,2002-11-19,1,NA,1,NA,5,6,NA,4,3
2458,NA,1997-10-08,2,NA,2,NA,7,6,NA,2,3
2460,NA,2002-02-19,2,NA,2,NA,2,6,NA,4,3
2463,NA,1994-12-07,1,NA,1,NA,6,6,NA,2,2
2468,NA,1975-03-11,1,NA,1,NA,7,6,NA,2,3
2482,NA,2001-04-30,2,NA,2,NA,5,6,NA,2,3
2516,NA,1994-11-15,1,NA,1,NA,6,6,NA,2,3
2524,NA,1997-02-04,1,NA,1,NA,6,6,NA,2,2
2531,NA,1959-03-15,2,NA,2,NA,7,6,NA,2,4
2533,NA,1959-09-17,2,NA,2,NA,7,6,NA,2,2
2535,NA,1972-11-17,1,NA,1,NA,5,6,NA,2,2
2553,NA,2002-09-03,2,NA,2,NA,2,6,NA,3,3
2555,NA,1997-04-02,1,NA,1,NA,5,46,NA,1,3
2557,NA,1998-08-12,2,NA,2,NA,6,2,NA,2,3
2600,1,1999-06-15,1,NA,1,NA,5,6,NA,2,2
2612,NA,1987-08-18,1,NA,1,NA,5,6,NA,2,2
2625,NA,1999-01-06,2,NA,2,NA,5,26,NA,2,3
2635,NA,1989-08-18,1,NA,1,NA,6,6,NA,2,2
2693,NA,1988-01-14,1,NA,1,NA,6,6,NA,2,3
2707,NA,1962-12-07,2,NA,2,NA,6,6,NA,2,2
2710,NA,1997-08-09,1,NA,1,NA,5,6,NA,2,3
2716,NA,1988-08-11,1,NA,1,NA,7,2,NA,2,2
2718,NA,1967-11-28,2,NA,2,NA,6,6,NA,2,2
2723,NA,2000-02-13,1,NA,1,NA,5,6,NA,2,1
2742,NA,1967-09-30,2,NA,2,NA,6,6,NA,2,2
2753,NA,1997-02-18,1,NA,1,NA,6,56,NA,2,3
2767,NA,2001-01-15,2,NA,2,NA,5,6,NA,2,3
2794,NA,1977-08-09,1,NA,1,NA,7,6,NA,2,2
2799,NA,1982-08-10,2,NA,2,NA,5,6,NA,2,2
2803,NA,1974-12-16,1,NA,1,NA,5,6,NA,2,3
2810,NA,1989-06-30,1,NA,1,NA,5,6,NA,2,3
2817,NA,1997-11-07,1,NA,1,NA,6,6,NA,2,3
2822,NA,1993-02-17,1,NA,1,NA,6,6,NA,2,3
2890,NA,1993-12-30,2,NA,2,NA,5,6,NA,2,3
2898,NA,2001-09-20,1,NA,1,NA,5,6,NA,2,3
2899,NA,1982-10-11,1,NA,1,NA,6,6,NA,2,2
2907,NA,1993-11-19,1,NA,1,NA,6,6,NA,2,3
2912,NA,1990-10-16,4,NA,1,NA,6,6,NA,2,1
2917,NA,1997-03-31,1,NA,1,NA,7,6,NA,2,2
2918,NA,1992-10-04,1,NA,1,NA,5,6,NA,2,3
2925,NA,2001-02-16,1,NA,1,NA,5,6,NA,2,3
2933,NA,1999-09-16,1,NA,1,NA,5,6,NA,2,3
2944,NA,1983-11-10,1,NA,1,NA,6,6,NA,2,2
2946,NA,1974-04-30,8,non-binary,1,NA,5,6,NA,2,1
2965,NA,1998-06-09,1,NA,1,NA,5,6,NA,2,3
2971,NA,1997-11-14,1,NA,1,NA,5,6,NA,2,2
2993,NA,2002-03-11,2,NA,2,NA,2,6,NA,2,3
2998,NA,2001-04-24,1,NA,1,NA,5,6,NA,2,3
3005,NA,1991-06-01,1,NA,1,NA,6,6,NA,2,2
3016,NA,1979-12-23,2,NA,2,NA,6,6,NA,2,2
3018,NA,1990-07-08,1,NA,1,NA,5,6,NA,2,2
3019,NA,1997-03-14,2,NA,2,NA,5,6,NA,2,3
3030,NA,2000-03-16,18,Genderqueer,1,NA,5,6,NA,2,3
3040,NA,1974-07-11,2,NA,2,NA,5,6,NA,1,2
3056,NA,1995-08-16,1,NA,1,NA,5,6,NA,2,2
3072,NA,2001-05-21,1,NA,1,NA,5,6,NA,2,3
3077,NA,1984-03-26,1,NA,1,NA,5,6,NA,2,3
3090,NA,1989-05-22,1,NA,1,NA,7,6,NA,2,2
3093,NA,1981-08-23,1,NA,1,NA,6,6,NA,2,2
3097,NA,1976-12-28,1,NA,1,NA,7,6,NA,2,2
3111,NA,1989-07-11,1,NA,1,NA,7,6,NA,2,3
3112,NA,1983-01-20,1,NA,1,NA,4,6,NA,2,2
3132,NA,1989-05-14,1,NA,1,NA,6,2,NA,2,3
3139,NA,1997-05-17,14,NA,1,NA,5,6,NA,2,2
3140,NA,1980-11-18,1,NA,1,NA,4,6,NA,2,2
3151,NA,2002-09-30,4,NA,1,NA,5,6,NA,2,3
3185,NA,2000-06-06,2,NA,2,NA,5,6,NA,2,3
3213,NA,1989-03-21,1,NA,1,NA,5,6,NA,2,2
3237,NA,2001-03-05,2,NA,2,NA,2,6,NA,2,3
3249,NA,1995-04-30,1,NA,1,NA,5,6,NA,2,3
3278,NA,2002-06-06,1,NA,1,NA,2,6,NA,2,3
3291,NA,1975-12-01,1,NA,1,NA,6,6,NA,2,2
3308,NA,1992-10-10,2,NA,2,NA,7,6,NA,2,2
3315,NA,1997-11-20,1,NA,1,NA,5,6,NA,2,3
3340,NA,1956-08-12,2,NA,2,NA,7,6,NA,2,1
3347,NA,1981-06-17,2,NA,2,NA,6,246,NA,1,1
3351,NA,1954-07-30,2,NA,2,NA,5,6,NA,2,2
3371,NA,1993-03-13,1,NA,1,NA,5,6,NA,2,3
3392,NA,1980-01-27,1,NA,1,NA,6,6,NA,2,2
3411,NA,2001-04-09,2,NA,2,NA,5,6,NA,2,3
3420,NA,1967-06-06,2,NA,2,NA,7,6,NA,2,2
3421,NA,1983-08-23,1,NA,1,NA,2,6,NA,2,3
3425,NA,1943-12-10,2,NA,2,NA,7,6,NA,2,1
3443,NA,1993-06-26,2,NA,2,NA,5,6,NA,2,2
3446,NA,1981-05-16,2,NA,2,NA,5,6,NA,2,3
3460,NA,2008-07-27,2,NA,2,NA,1,2,NA,2,3
3468,1,1986-09-16,5,NA,1,NA,5,6,NA,2,2
3501,NA,1976-12-11,1,NA,1,NA,6,6,NA,2,2
3513,NA,1996-03-06,16,NA,1,NA,7,6,NA,2,3
3516,NA,2000-08-18,2,NA,2,NA,5,6,NA,2,3
3572,NA,1997-07-11,2,NA,2,NA,5,6,NA,2,3
3577,NA,2001-11-29,1,NA,1,NA,5,6,NA,2,3
3580,NA,1981-10-20,1,NA,1,NA,7,6,NA,2,2
3587,NA,1971-04-20,1,NA,1,NA,6,6,NA,2,2
3588,NA,2001-11-13,1,NA,1,NA,2,6,NA,2,3
3601,NA,1990-11-13,1,NA,1,NA,6,6,NA,2,2
3604,NA,1997-12-14,2,NA,2,NA,5,6,NA,2,3
3608,NA,1978-11-30,1,NA,1,NA,5,6,NA,2,2
3629,NA,1995-03-17,1,NA,1,NA,5,6,NA,2,3
3634,NA,1998-08-17,1,NA,1,NA,5,2,NA,2,3
3636,NA,1996-01-04,1,NA,1,NA,6,6,NA,2,3
3639,NA,1994-03-11,1,NA,1,NA,2,6,NA,2,2
3641,NA,2001-11-29,1,NA,1,NA,5,67,North African,2,3
3642,NA,1994-10-04,2,NA,2,NA,5,6,NA,2,3
3656,NA,1991-05-01,8,Transman,1,NA,3,6,NA,2,5
3664,NA,1972-08-19,1,NA,1,NA,5,6,NA,2,2
3665,NA,2000-02-15,1,NA,1,NA,5,6,NA,2,3
3666,NA,1999-01-28,1,NA,1,NA,5,6,NA,2,3
3729,NA,1944-12-17,2,NA,2,NA,5,6,NA,2,3
3741,NA,1981-07-07,1,NA,1,NA,7,6,NA,2,2
3748,NA,1994-11-13,2,NA,2,NA,5,46,NA,1,3
3752,NA,1997-09-04,1,NA,1,NA,5,6,NA,2,3
3760,NA,1997-11-04,1,NA,1,NA,5,6,NA,2,3
3771,NA,1982-05-23,1,NA,1,NA,4,6,NA,2,2
3792,NA,1999-03-05,1,NA,1,NA,6,46,NA,1,3
3807,NA,2001-12-02,1,NA,1,NA,2,46,NA,1,3
3814,NA,1998-11-18,1,NA,1,NA,6,6,NA,2,3
3816,NA,1994-06-02,2,NA,2,NA,6,6,NA,2,3
3829,NA,1996-08-21,1,NA,1,NA,7,6,NA,2,3
3837,1,1994-04-25,1,NA,1,NA,5,6,NA,2,2
3843,NA,1973-11-11,1,NA,1,NA,6,6,NA,2,2
3844,NA,1995-10-02,2,NA,2,NA,5,6,NA,2,3
3845,NA,1987-02-07,1,NA,1,NA,4,6,NA,2,3
3864,NA,1992-08-31,1,NA,1,NA,6,6,NA,2,3
3867,NA,1982-07-22,1,NA,1,NA,5,6,NA,2,2
3871,NA,1978-10-19,2,NA,2,NA,5,6,NA,2,2
3876,NA,1973-10-30,1,NA,1,NA,7,2,NA,1,2
3887,NA,1957-10-24,1,NA,1,NA,5,6,NA,2,2
3891,NA,1981-10-10,1,NA,1,NA,5,6,NA,2,2
3908,NA,1971-10-11,1,NA,1,NA,6,6,NA,2,2
3937,NA,1986-08-22,1,NA,1,NA,6,6,NA,2,2
3941,NA,1985-04-14,1,NA,1,NA,7,6,NA,2,2
3960,NA,1974-05-07,1,NA,1,NA,7,6,NA,2,2
3972,NA,1978-07-25,2,NA,2,NA,7,6,NA,2,2
4230,NA,2013-10-09,1,NA,1,NA,1,7,NA,1,3
4232,NA,1982-10-22,1,NA,1,NA,5,6,NA,2,2
4236,NA,1975-11-17,1,NA,1,NA,5,6,NA,2,1
4241,4,1974-12-21,2,NA,2,NA,6,6,NA,2,2
4247,NA,1980-10-22,2,NA,2,NA,7,6,NA,2,2
4252,NA,1981-03-10,1,NA,1,NA,6,6,NA,2,2
4258,NA,1980-12-11,1,NA,1,NA,6,6,NA,2,2
4284,4,1982-12-06,1,NA,1,NA,6,6,NA,2,2
4288,2,1995-08-08,8,NA,1,NA,3,6,NA,2,2
4300,3,1974-01-25,1,NA,1,NA,7,2,NA,2,2
4308,1,1993-05-15,1,NA,1,NA,6,6,NA,2,2
4311,3,1973-06-24,1,NA,1,NA,6,6,NA,2,2
4317,3,1973-06-24,1,NA,1,NA,6,6,NA,2,2
4320,3,1993-06-01,1,NA,1,NA,6,6,NA,2,2
4322,1,1998-11-24,1,NA,1,NA,5,6,NA,2,3
4323,1,2002-01-14,1,NA,1,NA,2,6,NA,2,3
4324,NA,2013-01-10,2,NA,2,NA,1,2,NA,2,3
4329,1,1988-01-14,1,NA,1,NA,6,6,NA,2,3
4331,2,1995-05-08,2,NA,1,NA,5,6,NA,2,3
4336,1,1997-11-20,1,NA,1,NA,5,6,NA,2,3
4339,1,2000-09-20,1,NA,1,NA,5,6,NA,2,3
4347,1,1974-01-26,1,NA,1,NA,6,6,NA,2,1
4348,3,1967-04-20,2,NA,2,NA,6,6,NA,2,2
4357,1,2000-01-31,1,NA,1,NA,5,6,NA,2,3
4358,1,2001-04-11,1,NA,1,NA,2,6,NA,2,3
4359,1,2000-11-19,1,NA,1,NA,5,2,NA,2,3
4363,1,2000-09-07,1,NA,1,NA,2,6,NA,2,3
4367,6,1960-06-20,2,NA,2,NA,7,6,NA,3,2
4374,1,2001-05-16,1,NA,1,NA,5,2,NA,2,3
4377,1,1995-08-16,1,NA,1,NA,5,6,NA,1,2
4378,1,1964-11-02,1,NA,1,NA,6,6,NA,2,2
4380,2,1946-11-24,2,NA,2,NA,7,6,NA,2,2
4381,1,1993-05-06,1,NA,1,NA,5,6,NA,2,3
4382,1,2000-04-28,2,NA,1,NA,5,6,NA,2,3
4383,1,1997-04-12,1,NA,1,NA,5,6,NA,2,2
4384,3,1989-08-18,1,NA,1,NA,6,6,NA,2,2
4387,1,2004-04-09,1,NA,1,NA,2,6,NA,2,3
4388,3,1991-08-30,1,NA,1,NA,5,6,NA,2,2
4389,1,1994-11-15,1,NA,1,NA,6,6,NA,2,3
4396,4,1984-06-13,1,NA,1,NA,7,2,NA,2,2
4402,NA,1962-10-21,1,NA,1,NA,5,6,NA,2,4
4404,1,2004-03-02,1,NA,2,NA,2,6,NA,2,3
4406,1,2004-03-08,1,NA,1,NA,2,6,NA,2,3
4407,7,1990-12-28,1,NA,1,NA,7,6,NA,2,1
4409,1,2002-02-01,1,NA,1,NA,5,2,NA,2,3
4412,1,2004-05-21,6,NA,1,NA,2,6,NA,2,3
4413,1,1998-10-17,1,NA,1,NA,5,6,NA,2,3
4414,1,2000-07-16,1,NA,1,NA,5,3,NA,2,3
4416,1,1990-06-10,1,NA,1,NA,7,4,NA,1,3
4420,1,2004-01-08,2,NA,2,NA,2,6,NA,4,3
4421,2,1976-01-06,1,NA,1,NA,7,6,NA,2,2
4422,3,1988-10-12,1,NA,1,NA,6,6,NA,2,2
4424,1,2002-12-29,1,NA,1,NA,2,6,NA,2,3
4425,2,1984-07-14,1,NA,1,NA,5,6,NA,2,2
4427,1,2004-02-22,1,NA,1,NA,2,6,NA,2,3
4428,1,2000-10-18,1,NA,1,NA,5,6,NA,2,3
4436,1,2000-07-25,2,NA,2,NA,5,3,NA,2,3
4437,1,1999-07-23,1,NA,1,NA,5,2,NA,2,3
4440,3,1986-03-04,2,NA,2,NA,6,6,NA,2,1
4441,1,2003-09-23,1,NA,1,NA,2,6,NA,2,3
4442,4,1984-04-25,1,NA,1,NA,6,6,NA,2,2
4443,1,2000-11-06,1,NA,1,NA,5,6,NA,2,3
4444,1,1997-09-15,1,NA,1,NA,7,6,NA,2,3
4445,4,1985-10-13,2,NA,2,NA,5,6,NA,2,2
4446,1,1997-01-29,2,NA,2,NA,6,6,NA,2,3
4449,1,1986-08-23,1,NA,1,NA,7,6,NA,2,2
4450,4,1978-08-29,1,NA,1,NA,7,6,NA,2,2
4452,2,1995-10-17,1,NA,1,NA,7,6,NA,2,2
4454,1,1980-05-10,1,NA,1,NA,7,6,NA,2,2
4457,1,2002-12-07,1,NA,1,NA,2,6,NA,2,2
4458,1,2002-05-31,1,NA,1,NA,2,6,NA,2,3
4460,2,1992-12-17,2,NA,2,NA,7,6,NA,2,2
4461,1,1993-11-30,1,NA,1,NA,7,6,NA,2,3
4462,1,2000-09-07,1,NA,1,NA,2,6,NA,2,3
4469,1,2001-07-08,1,NA,1,NA,5,6,NA,2,3
4470,3,1971-05-27,1,NA,1,NA,6,6,NA,2,1
4473,1,2002-09-24,1,NA,1,NA,4,6,NA,2,3
4474,4,1983-03-27,1,NA,1,NA,7,6,NA,2,2
4477,2,1975-09-17,1,NA,1,NA,5,6,NA,2,2
4478,1,2000-09-30,1,NA,1,NA,5,6,NA,2,2
4480,1,2002-07-27,1,NA,1,NA,2,6,NA,2,3
4482,3,1987-07-03,1,NA,1,NA,6,4,NA,1,2
4483,1,2003-09-06,16,NA,1,NA,2,16,NA,2,3
4484,2,1986-06-10,18,Nonbinary woman,1,NA,6,6,NA,2,2
4497,1,1995-09-29,1,NA,1,NA,6,6,NA,2,2
4501,1,1992-07-28,1,NA,1,NA,7,6,NA,2,3
4503,1,2002-08-01,1,NA,1,NA,2,46,NA,1,3
4504,NA,2000-12-02,1,NA,1,NA,5,6,NA,2,3
4505,1,2002-10-13,1,NA,1,NA,4,6,NA,3,3
4507,1,1996-05-15,5,NA,1,NA,6,2,NA,2,3
4509,1,1999-07-11,1,NA,1,NA,6,6,NA,2,3
4510,3,1982-04-28,1,NA,1,NA,5,6,NA,2,2
4511,1,2000-09-08,1,NA,1,NA,5,6,NA,2,3
4513,1,2003-01-13,1,NA,1,NA,2,46,NA,1,3
4519,1,2003-09-02,1,NA,1,NA,2,6,NA,2,3
4524,1,2000-10-24,1,NA,1,NA,2,6,NA,2,3
4525,1,2002-10-28,2,NA,2,NA,2,6,NA,2,3
4526,1,2002-03-21,2,NA,2,NA,2,6,NA,2,3
4527,2,1990-10-17,2,NA,2,NA,7,6,NA,2,2
4534,1,2001-09-24,45,NA,1,NA,2,6,NA,2,5
4539,1,1998-04-09,1,NA,1,NA,2,6,NA,2,3
4540,1,2004-07-12,1,NA,1,NA,2,6,NA,2,3
4544,1,2002-05-13,1,NA,1,NA,2,6,NA,2,3
4545,1,1999-11-01,1,NA,1,NA,4,6,NA,2,3
4549,1,2001-12-13,1,NA,1,NA,2,6,NA,1,3
4550,2,1970-09-28,1,NA,1,NA,6,6,NA,2,1
4553,3,2001-09-14,1,NA,1,NA,4,6,NA,2,3
4555,1,2001-09-09,1,NA,1,NA,2,146,NA,1,3
4561,1,2003-12-12,1,NA,1,NA,2,6,NA,2,3
4566,1,2002-01-12,1,NA,1,NA,4,6,NA,2,3
4568,1,1999-06-17,1,NA,1,NA,5,6,NA,4,3
4572,1,1998-03-06,1,NA,1,NA,5,3,NA,2,2
4579,1,2000-09-24,1,NA,1,NA,2,6,NA,2,3
4580,1,2002-06-03,2,NA,2,NA,2,6,NA,2,3
4582,NA,2004-04-12,1,NA,1,NA,2,26,NA,2,3
4583,1,1992-12-28,2,NA,2,NA,7,6,NA,2,3
4586,3,1971-12-31,1,NA,1,NA,7,6,NA,2,2
4587,3,1952-12-27,2,NA,2,NA,6,6,NA,2,2
4589,1,2003-08-09,1,NA,1,NA,2,6,NA,2,3
4592,1,2001-09-28,1,NA,1,NA,4,6,NA,2,3
4595,1,2001-11-15,2,NA,2,NA,2,6,NA,2,3
4596,1,1996-08-23,1,NA,1,NA,5,6,NA,2,3
4597,1,2003-07-08,24,NA,1,NA,2,6,NA,2,3
4599,1,2004-01-02,1,NA,1,NA,4,6,NA,2,3
4600,1,2004-09-03,1,NA,1,NA,2,6,NA,2,3
4603,1,2004-02-15,1,NA,1,NA,2,6,NA,2,3
4610,1,2004-11-18,1,NA,1,NA,2,6,NA,2,3
4612,1,2004-08-11,146,NA,1,NA,2,6,NA,2,3
4615,1,1997-05-09,1,NA,1,NA,5,6,NA,2,3
4616,1,2002-01-03,1,NA,1,NA,2,6,NA,2,3
4620,1,1998-10-25,1,NA,1,NA,5,6,NA,2,3
4625,3,1991-10-09,1,NA,1,NA,2,6,NA,2,2
4628,NA,2006-03-14,2,NA,2,NA,2,2,NA,2,3
4631,1,2000-01-07,1,NA,1,NA,5,6,NA,2,3
4632,4,1983-03-27,1,NA,1,NA,7,6,NA,2,2
4634,3,1993-01-13,2,NA,2,NA,5,46,NA,1,2
4636,1,1997-10-06,168,Gendervague,1,NA,5,6,NA,2,2
4638,1,1990-06-16,2,NA,2,NA,5,6,NA,2,2
4639,2,1990-03-29,1,NA,1,NA,6,6,NA,2,2
4640,1,2002-07-29,1,NA,1,NA,2,6,NA,2,3
4641,3,1983-11-10,1,NA,1,NA,6,6,NA,2,2
4643,1,2001-10-11,4,NA,1,NA,2,46,NA,1,3
4651,NA,2003-05-23,1,NA,1,NA,2,6,NA,2,3
4655,1,2000-01-26,1,NA,1,NA,5,6,NA,2,3
4656,1,2002-08-21,1,NA,1,NA,2,7,middle eastern/arab,2,3
4658,4,2002-12-21,1,NA,1,NA,2,6,NA,2,3
4659,1,1994-03-07,1,NA,1,NA,6,6,NA,2,3
4662,1,2004-03-25,1,NA,1,NA,4,6,NA,2,3
4663,1,2004-03-21,1,NA,1,NA,2,6,NA,2,3
4664,1,2004-04-01,1,NA,1,NA,2,6,NA,2,3
4665,NA,1976-03-10,2,NA,2,NA,6,6,NA,2,2
4669,1,1999-09-06,1,NA,1,NA,5,6,NA,2,3
4671,1,1997-10-06,16,NA,1,NA,5,6,NA,2,2
4672,1,1999-10-07,1,NA,1,NA,5,6,NA,2,3
4674,2,1980-05-09,1,NA,1,NA,7,6,NA,2,3
4675,1,1992-12-21,1,NA,1,NA,6,6,NA,1,3
4677,1,2001-05-24,14,NA,1,NA,2,6,NA,2,3
4679,1,2000-09-14,1,NA,1,NA,2,6,NA,1,3
4683,1,2004-02-11,1,NA,1,NA,2,6,NA,2,3
4684,1,1993-03-13,1,NA,1,NA,7,2,NA,2,3
4685,1,2001-02-11,2,NA,2,NA,2,46,NA,1,3
4687,1,2001-08-05,1,NA,1,NA,5,67,Middle Eastern,2,3
4688,3,1982-05-04,1,NA,1,NA,5,6,NA,2,5
4690,3,1981-07-07,1,NA,1,NA,7,6,NA,2,2
4694,1,2001-11-16,1,NA,1,NA,2,6,NA,2,3
4695,1,1997-02-28,8,nonbinary,1,NA,4,6,NA,2,3
4701,1,2002-11-28,1,NA,1,NA,2,6,NA,2,3
4709,1,1977-01-08,1,NA,1,NA,4,1,NA,2,1
4712,2,1992-06-09,1,NA,1,NA,4,6,NA,2,3
4714,1,1996-05-31,1,NA,1,NA,2,6,NA,2,3
4715,4,1978-03-18,1,NA,1,NA,5,6,NA,2,2
4716,1,2001-07-31,1,NA,1,NA,5,46,NA,1,3
4718,1,2003-09-15,1,NA,1,NA,2,6,NA,2,3
4720,1,1981-11-04,1,NA,1,NA,6,6,NA,2,3
4722,1,2002-05-24,1,NA,1,NA,5,3,NA,2,3
4723,2,1978-12-14,1,NA,1,NA,4,6,NA,2,2
4724,1,2005-03-07,2,NA,2,NA,1,6,NA,2,3
4726,NA,2003-09-23,2,NA,2,NA,2,6,NA,2,3
4727,3,1988-08-21,1,NA,1,NA,6,6,NA,2,2
4731,1,2002-07-25,2,NA,2,NA,2,6,NA,2,3
4732,1,2000-09-08,1,NA,1,NA,2,6,NA,2,3
4733,1,2002-08-15,1,NA,1,NA,5,6,NA,2,3
4734,1,2002-03-23,1,NA,1,NA,5,6,NA,2,3
4736,1,1998-11-19,1,NA,1,NA,5,6,NA,2,3
4737,1,2000-03-14,2,NA,2,NA,5,6,NA,2,3
4740,1,2004-07-08,1,NA,1,NA,2,6,NA,2,3
4742,2,1995-05-08,2,NA,1,NA,5,6,NA,2,3
4745,4,1968-10-11,1,NA,1,NA,7,6,NA,2,4
4752,1,2001-10-04,1,NA,1,NA,2,6,NA,2,3
4755,1,1999-11-01,1,NA,1,NA,4,6,NA,2,3
4756,3,1967-10-01,1,NA,1,NA,5,6,NA,2,1
4758,1,2003-08-07,1,NA,1,NA,2,46,NA,1,3
4760,1,1983-05-20,1,NA,1,NA,7,3,NA,2,3
4761,1,2003-10-14,2,NA,2,NA,2,6,NA,2,3
4764,1,2004-04-11,8,Nonbinary,1,NA,2,6,NA,2,3
4766,1,1989-07-20,2,NA,2,NA,6,6,NA,3,3
4768,3,1987-09-26,1,NA,1,NA,5,6,NA,2,2
4771,4,1974-03-11,1,NA,1,NA,7,6,NA,2,2
4772,6,1971-05-19,1,NA,1,NA,6,6,NA,2,1
4774,4,1978-01-24,1,NA,1,NA,6,46,NA,1,2
4776,7,1984-01-06,1,NA,1,NA,5,6,NA,2,2
4783,3,1972-01-01,1,NA,1,NA,5,6,NA,2,2
4784,4,1972-08-26,1,NA,1,NA,7,2,NA,2,2
4786,1,2008-11-20,2,NA,2,NA,1,6,NA,2,5
4787,4,1978-01-24,1,NA,1,NA,6,6,NA,1,2
4788,4,1981-11-30,1,NA,1,NA,6,6,NA,2,2
4798,2,1971-09-03,2,NA,2,NA,6,2,NA,3,2
4799,3,1973-04-23,1,NA,1,NA,6,6,NA,2,2
4801,1,2001-06-17,2,NA,2,NA,2,2,NA,2,3
4802,1,2000-03-10,1,NA,1,NA,5,6,NA,2,3
4804,1,2000-03-10,1,NA,1,NA,5,6,NA,2,3
4806,5,1977-08-30,1,NA,1,NA,5,6,NA,2,1
4817,2,1981-08-12,1,NA,1,NA,6,46,NA,1,2
4820,1,1994-09-13,1,NA,1,NA,2,6,NA,4,2
4823,1,1998-09-21,1,NA,1,NA,5,6,NA,2,3
4828,1,1996-12-12,1,NA,1,NA,2,6,NA,2,3
4829,1,1984-04-20,1,NA,1,NA,2,6,NA,2,1
4831,4,1982-11-12,1,NA,1,NA,7,6,NA,2,2
4832,1,2004-04-16,12,NA,2,NA,2,5,NA,2,3
4834,1,2002-04-21,1,NA,1,NA,5,2,NA,2,3
4835,1,2005-04-26,1,NA,1,NA,2,6,NA,2,3
4836,1,2005-08-19,2,NA,2,NA,2,6,NA,2,3
4840,1,1997-02-04,1,NA,1,NA,6,6,NA,2,2
4841,1,2003-08-26,1,NA,1,NA,2,6,NA,2,3
4843,1,2000-04-19,1,NA,1,NA,5,46,NA,1,3
4844,1,2002-11-26,1,NA,1,NA,2,6,NA,2,3
4846,1,2003-12-18,1,NA,1,NA,2,6,NA,2,3
4848,1,1993-03-26,1,NA,1,NA,7,6,NA,2,3
4849,1,1994-09-15,1,NA,1,NA,5,4,NA,1,3
4852,1,2002-12-05,1,NA,1,NA,2,6,NA,2,3
4853,1,1996-12-03,1,NA,1,NA,5,6,NA,2,2
4856,1,1987-12-17,2,NA,2,NA,6,6,NA,2,3
4862,1,1999-04-18,2,NA,2,NA,6,6,NA,1,3
4865,1,1998-08-10,1,NA,1,NA,6,6,NA,2,3
4870,1,2001-05-25,1,NA,1,NA,5,6,NA,2,3
4871,1,2005-01-19,1,NA,1,NA,2,6,NA,2,2
4873,3,1981-08-11,1,NA,1,NA,4,6,NA,2,2
4874,1,2002-12-06,2,NA,2,NA,2,6,NA,2,3
4875,1,2005-06-10,4,NA,1,NA,2,2,NA,2,3
4876,1,2001-04-21,14,NA,1,NA,5,6,NA,2,3
4878,1,1996-12-01,1,NA,1,NA,5,6,NA,2,3
4881,1,1995-11-30,7,NA,1,NA,7,6,NA,2,3
4886,1,1994-08-31,1,NA,1,NA,4,6,NA,2,3
4887,1,2004-09-21,4,NA,1,NA,2,6,NA,2,3
4888,1,2005-04-30,1,NA,1,NA,2,6,NA,2,3
4891,1,2001-09-10,2,NA,2,NA,5,2,NA,2,3
4893,1,1998-01-12,2,NA,2,NA,5,6,NA,2,3
4895,3,1990-07-08,1,NA,1,NA,5,6,NA,2,2
4896,1,2005-07-10,1,NA,1,NA,2,6,NA,2,3
4901,1,2003-08-27,1,NA,1,NA,2,4,NA,1,3
4902,1,1989-08-12,1,NA,1,NA,5,6,NA,2,2
4904,1,2005-03-01,2,NA,2,NA,2,6,NA,2,3
4905,1,2004-12-20,2,NA,2,NA,2,6,NA,2,3
4906,1,1961-11-16,1,NA,1,NA,6,6,NA,2,2
4907,1,1995-03-03,4,NA,1,NA,4,6,NA,2,3
4910,1,2004-11-06,2,NA,2,NA,2,6,NA,2,3
4913,3,1979-07-12,1,NA,1,NA,5,6,NA,2,3
4915,1,2000-01-19,48,Nonbinary,1,NA,5,6,NA,2,3
4917,1,2003-03-30,1,NA,1,NA,5,6,NA,2,3
4921,1,1971-07-01,2,NA,2,NA,4,6,NA,2,3
4924,1,1997-02-06,2,NA,2,NA,2,6,NA,2,3
4927,1,1999-09-23,1,NA,1,NA,5,6,NA,2,3
4930,1,2005-02-19,8,Trans Masculine,1,NA,2,26,NA,2,3
4932,1,1987-12-06,2,NA,2,NA,5,6,NA,2,2
4934,1,1998-06-29,2,NA,2,NA,5,6,NA,2,3
4935,1,1996-12-19,1,NA,1,NA,6,6,NA,2,2
4938,1,2005-01-03,2,NA,2,NA,2,6,NA,2,3
4939,1,2000-02-24,4,NA,1,NA,5,2,NA,2,3
4941,1,2004-04-09,1,NA,1,NA,2,6,NA,2,3
4944,1,2005-05-16,2,NA,2,NA,2,2,NA,2,3
4946,4,1983-02-10,1,NA,1,NA,7,6,NA,2,1
4947,1,2004-12-21,1,NA,1,NA,2,6,NA,2,3
4950,1,1997-12-04,1,NA,1,NA,5,6,NA,2,3
4951,1,1982-08-08,2,NA,2,NA,6,6,NA,2,1
4953,1,1993-02-26,1,NA,1,NA,7,6,NA,2,3
4954,8,1967-09-30,2,NA,2,NA,6,6,NA,2,2
4956,1,2002-02-17,1,NA,1,NA,2,6,NA,2,3
4958,1,1996-07-16,1,NA,1,NA,5,6,NA,2,2
4962,1,2005-05-07,7,NA,1,NA,2,6,NA,2,3
4963,1,2004-10-23,1,NA,1,NA,2,6,NA,2,3
4964,1,2005-02-06,1,NA,1,NA,2,6,NA,2,3
4967,1,1999-02-21,2,NA,2,NA,5,2,NA,2,3
4968,1,2002-10-15,1,NA,1,NA,2,6,NA,2,3
4973,1,2003-09-18,1,NA,1,NA,4,6,NA,2,3
4974,4,1976-04-11,1,NA,1,NA,6,6,NA,2,1
4976,1,1998-02-17,2,NA,2,NA,6,6,NA,2,3
4978,1,1996-12-13,2,NA,2,NA,5,6,NA,2,3
4986,1,2004-03-06,2,NA,1,NA,2,6,NA,2,3
4987,1,2002-07-13,1,NA,1,NA,2,6,NA,2,3
4988,1,2002-01-21,1,NA,1,NA,2,26,NA,2,3
4990,1,2002-12-09,2,NA,2,NA,2,23,NA,2,3
4991,1,2004-05-06,2,NA,2,NA,2,6,NA,2,3
4992,1,2002-01-21,1,NA,1,NA,NA,6,NA,2,3
4993,1,1989-11-02,1,NA,1,NA,7,6,NA,2,2
4994,1,2004-11-08,2,NA,2,NA,2,6,NA,2,3
4996,1,2003-01-18,1,NA,1,NA,2,6,NA,2,3
5000,1,1998-07-31,1,NA,1,NA,5,6,NA,2,3
5002,1,2002-05-10,1,NA,1,NA,5,6,NA,2,3
5004,1,2003-03-18,1,NA,1,NA,2,2,NA,2,3
5006,1,1998-12-23,1,NA,1,NA,6,6,NA,2,3
5007,1,1996-09-03,24,NA,2,NA,5,23,NA,2,3
5008,1,2000-02-23,1,NA,1,NA,5,6,NA,2,3
5009,1,1999-08-04,1,NA,1,NA,5,6,NA,2,3
5010,1,2003-12-10,1,NA,1,NA,2,6,NA,2,3
5012,1,2004-09-19,1,NA,1,NA,2,6,NA,2,3
5014,3,1991-09-05,1,NA,1,NA,6,6,NA,2,2
5015,1,2002-09-30,1,NA,1,NA,2,6,NA,2,3
5016,1,2000-02-15,1,NA,1,NA,5,6,NA,2,3
5017,1,1998-04-26,1,NA,1,NA,5,6,NA,2,3
5018,2,1989-08-30,2,NA,2,NA,6,6,NA,2,1
5021,1,2002-08-10,1,NA,1,NA,2,2,NA,2,3
5022,1,2004-05-21,1,NA,1,NA,2,6,NA,2,3
5023,1,2005-04-02,2,NA,2,NA,2,6,NA,2,3
5024,1,2004-05-05,1,NA,1,NA,2,6,NA,2,3
5025,1,1983-01-10,2,NA,2,NA,7,6,NA,2,2
5027,1,1989-09-18,1,NA,1,NA,5,6,NA,2,3
5028,4,1985-04-23,2,NA,2,NA,5,6,NA,2,2
5030,1,1989-10-24,2,NA,1,NA,5,6,NA,2,3
5031,1,2005-06-06,2,NA,2,NA,2,6,NA,2,3
5036,1,1995-02-26,1,NA,1,NA,5,6,NA,2,3
5037,1,2004-12-04,1,NA,1,NA,4,6,NA,2,3
5039,2,1949-06-02,2,NA,2,NA,7,6,NA,2,2
5040,1,2004-07-02,2,NA,2,NA,2,46,NA,1,3
5042,1,2003-11-21,1,NA,1,NA,2,6,NA,2,3
5043,3,1977-03-03,1,NA,1,NA,7,6,NA,2,2
5044,1,2001-05-18,1,NA,1,NA,5,6,NA,2,3
5045,1,1991-04-07,1,NA,1,NA,5,46,NA,1,2
5046,1,2004-08-24,1,NA,1,NA,2,6,NA,2,3
5048,1,2005-03-10,1,NA,1,NA,2,6,NA,2,3
5050,1,2003-04-18,1,NA,1,NA,4,6,NA,2,3
5052,1,1999-12-20,1,NA,1,NA,5,6,NA,2,2
5057,1,2005-06-17,2,NA,2,NA,2,6,NA,2,3
5058,1,1999-09-24,1,NA,1,NA,5,6,NA,2,3
5059,1,1994-08-13,1,NA,1,NA,6,146,NA,1,3
5061,1,1998-07-30,1,NA,1,NA,5,6,NA,2,2
5063,1,2005-06-07,8,Genderqueer,1,NA,2,6,NA,2,3
5066,2,1997-07-23,1,NA,1,NA,5,26,NA,2,2
5067,1,1998-09-15,1,NA,1,NA,5,6,NA,2,3
5070,1,2000-05-18,2,NA,2,NA,5,6,NA,2,3
5071,1,2005-04-01,2,NA,2,NA,2,6,NA,2,3
5073,1,2005-04-18,1,NA,1,NA,2,6,NA,2,3
5075,1,2002-09-07,2,NA,2,NA,5,6,NA,2,3
5076,1,1992-03-18,1,NA,1,NA,6,6,NA,2,3
5077,1,2005-04-25,1,NA,1,NA,2,6,NA,2,3
5078,1,2005-07-17,1,NA,1,NA,2,6,NA,2,3
5082,1,2004-02-10,1,NA,1,NA,2,6,NA,2,5
5083,1,2004-05-20,1,NA,1,NA,2,2,NA,2,3
5088,1,2004-04-19,1,NA,1,NA,2,6,NA,2,3
5090,1,2006-09-13,2,NA,2,NA,2,6,NA,3,3
5092,1,1973-03-26,1,NA,1,NA,5,6,NA,2,3
5093,1,2002-09-13,1,NA,1,NA,2,6,NA,2,3
5095,1,1999-03-01,1,NA,1,NA,5,6,NA,2,3
5097,1,2005-01-11,1,NA,1,NA,2,6,NA,2,3
5100,1,2001-03-24,2,NA,2,NA,5,6,NA,2,3
5101,1,2003-02-01,1,NA,1,NA,4,6,NA,2,3
5102,5,1972-09-25,1,NA,1,NA,5,6,NA,2,2
5106,1,1996-12-30,1,NA,1,NA,5,6,NA,2,3
5107,1,1995-12-16,2,NA,2,NA,5,6,NA,2,2
5108,1,2004-11-25,1,NA,1,NA,2,6,NA,2,3
5110,1,2000-03-13,1,NA,1,NA,5,6,NA,2,3
5111,1,1992-04-06,1,NA,1,NA,2,6,NA,2,3
5112,1,2003-04-16,1,NA,1,NA,4,6,NA,2,3
5113,1,2005-01-06,1,NA,1,NA,2,2,NA,2,3
5114,3,2003-07-05,1,NA,1,NA,2,6,NA,2,3
5116,2,1973-11-11,1,NA,1,NA,6,6,NA,2,2
5119,1,2005-07-09,1,NA,1,NA,2,6,NA,1,3
5123,3,2008-01-14,2,NA,2,NA,1,6,NA,2,3
5125,3,1979-03-27,1,NA,1,NA,7,26,NA,2,2
5126,1,2004-10-19,2,NA,2,NA,2,6,NA,2,3
5127,1,2005-08-18,24,NA,1,NA,2,6,NA,2,3
5134,1,1999-10-31,2,NA,2,NA,5,6,NA,2,3
5135,4,1971-10-10,2,NA,2,NA,6,6,NA,2,2
5137,1,2004-11-11,1,NA,1,NA,2,6,NA,2,3
5140,1,2004-10-12,1,NA,1,NA,2,6,NA,2,3
5141,1,2004-01-03,1,NA,1,NA,2,6,NA,2,3
5142,1,2005-02-18,1,NA,1,NA,2,6,NA,2,3
5144,4,1981-05-05,1,NA,1,NA,5,6,NA,2,2
5146,1,2005-06-18,1,NA,1,NA,2,6,NA,2,3
5147,1,1993-12-22,2,NA,2,NA,6,7,Middle Eastern,2,2
5148,2,1991-04-16,1,NA,1,NA,5,6,NA,2,4
5151,1,2004-09-24,1,NA,1,NA,2,6,NA,2,3
5152,1,2000-11-18,1,NA,1,NA,6,2,NA,2,3
5153,1,1990-05-07,1,NA,1,NA,7,6,NA,1,3
5154,3,1990-11-13,1248,genderqueer,2,NA,6,6,NA,2,2
5155,4,1977-03-24,1,NA,1,NA,6,6,NA,2,2
5157,1,2004-11-13,1,NA,1,NA,4,6,NA,2,3
5159,1,2004-11-05,1,NA,1,NA,2,4,NA,1,3
5160,1,2002-09-22,1,NA,1,NA,5,26,NA,2,3
5162,2,1987-11-01,1,NA,1,NA,6,6,NA,2,2
5164,1,2003-09-11,1,NA,2,NA,2,6,NA,2,3
5165,1,2000-12-12,1,NA,1,NA,5,6,NA,2,3
5167,3,1979-07-28,1,NA,1,NA,5,6,NA,2,2
5173,1,1974-12-14,1,NA,1,NA,7,6,NA,2,3
5174,1,2000-09-16,1,NA,1,NA,5,6,NA,2,3
5175,1,2005-01-10,1,NA,1,NA,2,6,NA,2,3
5180,1,2005-04-26,1,NA,1,NA,2,6,NA,2,3
5181,1,1972-09-05,1,NA,1,NA,6,6,NA,2,3
5183,1,2005-03-28,1,NA,1,NA,2,36,NA,2,3
5185,1,2005-07-10,1,NA,1,NA,2,6,NA,2,3
5188,1,2002-04-08,1,NA,1,NA,2,6,NA,2,3
5189,1,1995-09-28,1,NA,1,NA,6,6,NA,2,2
5192,1,1996-02-13,1,NA,1,NA,5,2,NA,2,3
5193,1,2005-04-15,1,NA,1,NA,2,6,NA,2,3
5194,1,2003-10-10,1,NA,1,NA,2,6,NA,2,3
5195,1,2002-08-19,1,NA,1,NA,2,6,NA,2,3
5196,1,1986-11-26,2,NA,2,NA,5,6,NA,2,3
5203,1,1990-01-30,1,NA,1,NA,6,6,NA,2,2
5204,1,2003-11-10,1,NA,1,NA,2,6,NA,2,3
5206,1,1999-03-01,16,NA,1,NA,5,6,NA,2,3
5210,NA,1966-01-23,1,NA,1,NA,5,6,NA,2,2
5212,1,1994-09-08,1,NA,1,NA,7,6,NA,2,3
5214,1,1992-06-04,1,NA,1,NA,6,6,NA,2,2
5215,1,2004-04-02,1,NA,1,NA,4,6,NA,2,3
5216,3,1989-02-15,1,NA,1,NA,6,6,NA,2,2
5217,1,2002-07-04,17,NA,1,NA,2,6,NA,2,3
5218,1,2003-03-04,7,NA,1,NA,4,6,NA,2,3
5224,1,2005-06-17,1,NA,1,NA,2,6,NA,2,3
5225,1,2005-07-09,1,NA,1,NA,2,6,NA,1,3
5229,1,1995-01-13,1,NA,1,NA,6,6,NA,2,5
5230,1,1998-07-30,1,NA,1,NA,5,6,NA,2,2
5232,1,2001-08-02,1,NA,1,NA,2,6,NA,2,3
5236,1,2004-04-19,1,NA,1,NA,2,6,NA,2,3
5238,1,2002-06-14,1,NA,1,NA,4,36,NA,2,3
5241,1,1999-05-29,1,NA,1,NA,5,36,NA,2,3
5242,1,2003-10-12,2,NA,2,NA,2,6,NA,2,3
5243,1,2003-03-06,1,NA,1,NA,2,6,NA,2,3
5244,1,2003-05-25,1,NA,1,NA,2,6,NA,2,5
5245,1,1998-08-01,2,NA,2,NA,5,6,NA,2,3
5246,1,2002-01-29,4,NA,1,NA,2,2,NA,2,3
5249,1,2001-12-26,7,NA,1,NA,2,6,NA,2,3
5254,1,2003-04-16,1,NA,1,NA,2,2,NA,2,3
5256,1,2005-02-23,2,NA,1,NA,2,6,NA,2,3
5257,1,2005-08-18,1,NA,1,NA,2,6,NA,2,3
5267,3,1984-03-28,1,NA,1,NA,6,6,NA,2,2
5269,1,1991-11-07,8,non-binary,1,NA,5,6,NA,2,3
5271,4,1982-05-25,15,NA,1,NA,7,6,NA,2,2
5272,1,2004-07-11,2,NA,2,NA,4,6,NA,2,3
5273,1,2000-12-23,1,NA,1,NA,5,6,NA,2,3
5276,1,2004-02-25,1,NA,1,NA,2,2,NA,2,3
5277,1,2000-10-08,1,NA,1,NA,5,6,NA,2,3
5279,1,1999-07-02,1,NA,1,NA,5,6,NA,2,2
5282,1,1999-11-07,2,NA,2,NA,5,6,NA,2,3
5285,1,2005-04-03,1,NA,1,NA,2,6,NA,2,3
5286,1,1999-11-09,1,NA,1,NA,6,2,NA,2,3
5288,1,2004-10-04,1,NA,1,NA,2,6,NA,2,3
5296,1,1989-08-12,1,NA,1,NA,5,6,NA,2,2
5300,1,1989-02-05,1,NA,1,NA,6,6,NA,2,2
5302,1,1981-06-28,1,NA,1,NA,7,3,NA,2,3
5304,4,1969-09-29,2,NA,2,NA,7,2,NA,2,2
5305,1,2000-02-18,2,NA,2,NA,5,6,NA,2,2
5310,1,1979-06-09,1,NA,1,NA,5,6,NA,2,3
5311,1,2003-12-10,2,NA,2,NA,2,6,NA,2,3
5312,1,2004-01-16,2,NA,2,NA,2,2,NA,2,3
5317,1,2005-01-17,1,NA,1,NA,2,6,NA,2,3
5319,1,2002-06-20,1,NA,1,NA,2,3,NA,2,3
5323,1,1999-05-24,1,NA,1,NA,6,6,NA,2,3
5326,1,2003-07-20,1,NA,1,NA,4,6,NA,2,3
5332,1,1998-05-02,1,NA,1,NA,5,6,NA,2,3
5335,1,2004-02-17,1,NA,1,NA,2,6,NA,2,3
5337,1,2003-02-19,1,NA,1,NA,2,6,NA,2,3
5339,1,2003-03-16,2,NA,2,NA,2,6,NA,2,3
5341,1,2004-09-06,48,Tansmasculine,1,NA,2,6,NA,2,3
5345,1,1993-06-10,2,NA,2,NA,7,6,NA,2,3
5346,1,2001-04-12,1,NA,1,NA,5,6,NA,2,3
5348,1,2005-02-04,1,NA,1,NA,2,6,NA,2,3
5349,1,2003-11-08,1,NA,1,NA,2,6,NA,2,3
5353,1,1990-10-04,2,NA,2,NA,5,6,NA,2,2
5354,1,1964-06-08,2,NA,2,NA,7,6,NA,2,2
5357,3,1977-12-25,1,NA,1,NA,7,6,NA,2,2
5360,3,1955-11-09,1,NA,1,NA,7,6,NA,2,2
5361,1,2004-11-04,1,NA,1,NA,2,6,NA,4,3
5362,1,1998-03-16,2,NA,2,NA,5,46,NA,1,3
5369,1,1997-08-09,1,NA,1,NA,5,6,NA,2,3
5371,1,2001-07-23,8,Gender Queer,2,NA,2,6,NA,2,3
5374,1,2004-06-03,1,NA,1,NA,2,6,NA,2,3
5377,1,1997-04-17,2,NA,2,NA,5,6,NA,2,3
5380,1,1996-09-01,1,NA,1,NA,5,6,NA,2,3
5381,1,1996-12-02,1,NA,1,NA,5,6,NA,2,3
5382,1,1992-07-07,1,NA,1,NA,4,6,NA,2,3
5383,1,1996-08-24,1,NA,1,NA,7,6,NA,2,1
5388,1,1998-01-26,1,NA,1,NA,5,6,NA,2,3
5392,1,1966-12-11,2,NA,2,NA,5,6,NA,2,1
5398,3,1972-09-06,2,NA,2,NA,6,6,NA,2,1
5399,1,2001-04-05,1,NA,1,NA,5,6,NA,2,3
5401,4,1977-12-29,1,NA,1,NA,6,6,NA,2,1
5402,1,1998-06-18,1,NA,1,NA,5,2,NA,2,2
5404,1,2001-06-02,2,NA,2,NA,2,6,NA,2,3
5405,1,1991-10-12,2,NA,2,NA,7,6,NA,2,1
5407,4,1979-11-23,1,NA,1,NA,7,6,NA,2,2
5411,1,2002-01-08,4,NA,1,NA,2,6,NA,2,3
5413,1,1999-04-08,2,NA,2,NA,5,6,NA,2,3
5414,3,1943-11-03,2,NA,2,NA,7,6,NA,2,1
5415,1,1998-05-02,1,NA,1,NA,5,6,NA,2,3
5420,1,2003-11-18,2,NA,2,NA,NA,6,NA,2,3
5421,1,2004-05-29,2,NA,2,NA,2,6,NA,2,3
5426,1,2001-12-11,2,NA,2,NA,2,6,NA,2,3
5429,1,1996-10-05,1,NA,1,NA,5,6,NA,2,3
5430,1,1998-09-14,14,NA,1,NA,5,16,NA,2,3
5431,1,2003-05-20,1,NA,1,NA,4,6,NA,2,3
5433,4,1986-06-14,1,NA,1,NA,6,6,NA,2,2
5436,1,2004-08-01,1,NA,1,NA,2,6,NA,2,3
5437,1,2005-05-09,1,NA,1,NA,2,6,NA,2,3
5443,1,1972-05-22,1,NA,1,NA,5,6,NA,2,2
5444,3,1989-05-02,2,NA,2,NA,7,6,NA,2,2
5446,1,1982-11-24,1,NA,1,NA,7,6,NA,2,3
5447,1,2000-08-25,1,NA,1,NA,5,2,NA,2,3
5448,1,2003-06-06,1,NA,1,NA,2,6,NA,1,3
5449,1,1999-02-02,1,NA,1,NA,5,6,NA,2,3
5450,1,2004-09-23,2,NA,2,NA,2,6,NA,2,3
5453,1,2000-11-01,1,NA,1,NA,5,6,NA,2,3
5456,1,1994-02-27,1,NA,1,NA,7,3,NA,2,3
5470,1,2004-04-20,1,NA,1,NA,2,6,NA,2,3
5473,1,1990-03-17,1,NA,1,NA,5,6,NA,2,3
5474,1,2004-10-25,1,NA,1,NA,2,4,NA,1,3
5476,2,1978-07-27,1,NA,1,NA,7,6,NA,2,1
5477,1,2002-07-30,1,NA,1,NA,2,4,NA,1,3
5486,1,2003-01-03,2,NA,2,NA,2,6,NA,2,3
5489,3,1978-02-02,2,NA,2,NA,7,6,NA,2,2
5493,3,1982-08-28,1,NA,1,NA,6,6,NA,2,2
5497,3,1981-09-21,1,NA,1,NA,5,6,NA,2,2
5499,1,1997-12-05,18,woman and non-binary,1,NA,5,26,NA,2,3
5500,5,1967-09-21,1,NA,1,NA,4,6,NA,2,1
5501,1,2004-01-26,2,NA,2,NA,2,6,NA,2,3
5504,4,1984-04-28,1,NA,1,NA,6,6,NA,2,2
2208_2,NA,2008-02-18,2,NA,2,NA,NA,26,NA,2,NA
2209_2,NA,2009-04-14,2,NA,2,NA,NA,6,NA,2,NA
2210_2,NA,2006-03-10,2,NA,2,NA,NA,6,NA,2,NA
2231_2,NA,2009-01-27,2,NA,2,NA,NA,2,NA,2,NA
2266_2,NA,2008-04-05,2,NA,2,NA,NA,6,NA,2,NA
2267_2,NA,2007-03-21,NA,NA,2,NA,NA,6,NA,2,NA
2272_2,NA,2008-04-02,1,NA,1,NA,NA,6,NA,2,NA
2276_2,NA,2002-09-13,2,NA,2,NA,NA,6,NA,2,NA
2292_2,NA,2006-10-09,2,NA,2,NA,NA,6,NA,2,NA
2309_2,NA,2006-05-19,2,NA,2,NA,NA,6,NA,2,NA
2325_2,NA,2011-04-27,1,NA,1,NA,NA,6,NA,2,NA
2347_2,NA,2015-07-14,2,NA,2,NA,NA,6,NA,2,NA
2375_2,NA,2007-07-03,3,NA,1,NA,NA,26,NA,2,NA
2535_2,NA,2007-01-05,2,NA,2,NA,NA,6,NA,2,NA
2707_2,NA,1992-03-04,1,NA,1,NA,NA,6,NA,2,NA
2718_2,NA,2005-05-09,1,NA,1,NA,NA,6,NA,2,NA
2794_2,NA,2004-04-11,3,NA,1,NA,NA,6,NA,2,NA
3040_2,NA,2009-09-14,1,NA,1,NA,NA,6,NA,1,NA
3090_2,NA,2020-03-20,15,NA,1,NA,NA,6,NA,2,NA
3093_2,NA,2011-01-25,1,NA,1,NA,NA,6,NA,2,NA
3097_2,NA,2002-12-21,5,NA,1,NA,NA,6,NA,2,NA
3291_2,NA,2004-03-21,3,NA,1,NA,NA,6,NA,2,NA
3347_2,NA,2011-01-22,1,NA,1,NA,NA,246,NA,1,NA
3392_2,NA,2009-06-02,1,NA,1,NA,NA,6,NA,2,NA
3446_2,NA,2016-12-24,1,NA,1,NA,NA,6,NA,2,NA
3460_2,NA,2008-07-27,2,NA,2,NA,NA,2,NA,2,NA
3501_2,NA,2006-03-13,2,NA,2,NA,NA,6,NA,2,NA
3580_2,NA,2007-10-02,2,NA,2,NA,NA,6,NA,2,NA
3587_2,NA,2006-03-04,1,NA,1,NA,NA,6,NA,2,NA
3608_2,NA,2006-09-28,25,NA,2,NA,NA,6,NA,2,NA
3664_2,NA,2002-03-07,2,NA,2,NA,NA,6,NA,2,NA
3741_2,NA,2011-11-10,2,NA,2,NA,NA,6,NA,2,NA
3771_2,NA,2009-09-28,2,NA,2,NA,NA,6,NA,2,NA
3843_2,NA,2004-09-19,2,NA,2,NA,NA,6,NA,2,NA
3867_2,NA,2011-07-04,2,NA,2,NA,NA,6,NA,2,NA
3871_2,NA,2015-03-25,2,NA,2,NA,NA,26,NA,2,NA
3876_2,NA,2006-08-03,2,NA,2,NA,NA,2,NA,1,NA
3891_2,NA,2007-05-17,2,NA,2,NA,NA,6,NA,2,NA
3937_2,NA,2014-11-30,2,NA,2,NA,NA,6,NA,2,NA
3941_2,NA,2014-08-09,2,NA,2,NA,NA,6,NA,2,NA
3960_2,NA,2007-12-11,2,NA,2,NA,NA,6,NA,2,NA
3972_2,NA,2014-12-23,2,NA,2,NA,NA,6,NA,2,NA
4230_2,NA,2013-10-09,1,NA,1,NA,NA,7,Brazilian,1,NA
4232_2,NA,2013-07-23,1,NA,1,NA,NA,6,NA,2,NA
4241_2,NA,2011-06-04,2,NA,2,NA,NA,6,NA,2,NA
4247_2,NA,2008-11-17,2,NA,2,NA,NA,6,NA,2,NA
4252_2,NA,2013-12-26,2,NA,2,NA,NA,6,NA,2,NA
4258_2,NA,2011-03-04,1,NA,1,NA,NA,6,NA,2,NA
4284_2,NA,2013-10-01,1,NA,1,NA,NA,6,NA,2,NA
4288_2,NA,2014-11-18,2,NA,2,NA,NA,6,NA,2,NA
4300_2,NA,2009-12-21,2,NA,2,NA,NA,26,NA,2,NA
4311_2,NA,2006-03-29,2,NA,2,NA,NA,6,NA,2,NA
4317_2,NA,2006-03-29,NA,NA,2,NA,NA,6,NA,2,NA
4320_2,NA,2015-05-08,2,NA,2,NA,NA,6,NA,2,NA
4388_2,NA,2015-11-13,1,NA,1,NA,NA,6,NA,2,NA
4396_2,NA,2012-04-19,1,NA,1,NA,NA,2,NA,2,NA
4407_2,NA,2007-05-25,2,NA,2,NA,NA,46,NA,1,NA
4425_2,NA,2010-10-01,2,NA,2,NA,NA,6,NA,2,NA
4445_2,NA,2013-04-13,2,NA,2,NA,NA,6,NA,2,NA
4474_2,NA,2009-03-05,2,NA,2,NA,NA,6,NA,2,NA
4632_2,NA,2009-03-05,2,NA,2,NA,NA,6,NA,2,NA
4665_2,NA,2005-07-08,2,NA,2,NA,NA,6,NA,3,NA
4688_2,NA,2008-12-17,2,NA,2,NA,NA,6,NA,2,NA
4712_2,NA,2014-08-12,2,NA,2,NA,NA,6,NA,2,NA
4715_2,NA,2006-09-21,2,NA,2,NA,NA,6,NA,2,NA
4723_2,NA,2010-09-29,1,NA,1,NA,NA,6,NA,2,NA
4727_2,NA,2017-06-26,2,NA,2,NA,NA,6,NA,2,NA
4745_2,NA,2005-06-28,1,NA,NA,NA,NA,6,NA,2,NA
4768_2,NA,2014-07-12,2,NA,2,NA,NA,6,NA,2,NA
4771_2,NA,2013-08-20,2,NA,2,NA,NA,6,NA,2,NA
4774_2,NA,2009-09-01,1,NA,1,NA,NA,46,NA,1,NA
4776_2,NA,2008-07-30,1,NA,1,NA,NA,6,NA,2,NA
4783_2,NA,2010-04-26,1,NA,1,NA,NA,6,NA,2,NA
4784_2,NA,2007-11-06,NA,NA,1,NA,NA,2,NA,2,NA
4787_2,NA,2009-09-01,1,NA,1,NA,NA,6,NA,1,NA
4788_2,NA,2007-10-01,1,NA,1,NA,NA,6,NA,2,NA
4798_2,NA,2006-10-31,1,NA,1,NA,NA,2,NA,3,NA
4799_2,NA,2007-07-03,1,NA,1,NA,NA,26,NA,2,NA
4806_2,NA,2007-07-30,4,NA,1,NA,NA,6,NA,2,NA
4817_2,NA,2023-09-06,2,NA,2,NA,NA,46,NA,1,NA
4831_2,NA,2011-11-22,1,NA,1,NA,NA,6,NA,2,NA
4873_2,NA,2009-12-22,2,NA,2,NA,NA,6,NA,2,NA
4913_2,NA,2016-12-24,1,NA,1,NA,NA,6,NA,2,NA
4946_2,NA,2011-01-22,1,NA,1,NA,NA,26,NA,2,NA
4974_2,NA,2006-04-30,2,NA,2,NA,NA,6,NA,2,NA
5043_2,NA,2012-03-27,2,NA,2,NA,NA,6,NA,2,NA
5090_2,NA,2006-09-13,2,NA,2,NA,NA,6,NA,3,NA
5123_2,NA,2008-01-14,2,NA,2,NA,NA,6,NA,2,NA
5125_2,NA,2013-08-27,1,NA,1,NA,NA,6,NA,2,NA
5135_2,NA,2006-02-07,2,NA,2,NA,NA,6,NA,2,NA
5144_2,NA,2008-04-03,1,NA,1,NA,NA,6,NA,2,NA
5155_2,NA,2011-08-21,2,NA,2,NA,NA,6,NA,2,NA
5210_2,NA,2005-10-27,1,NA,1,NA,NA,6,NA,2,NA
5267_2,NA,2017-07-15,1,NA,1,NA,NA,6,NA,2,NA
5271_2,NA,2010-10-26,25,NA,1,NA,NA,6,NA,2,NA
5304_2,NA,2014-01-12,1,NA,1,NA,NA,2,NA,2,NA
5357_2,NA,2015-08-04,2,NA,2,NA,NA,46,NA,1,NA
5392_2,NA,2006-06-06,2,NA,2,NA,NA,6,NA,2,NA
5401_2,NA,2008-09-20,6,NA,1,NA,NA,36,NA,2,NA
5407_2,NA,2010-02-15,2,NA,2,NA,NA,6,NA,2,NA
5433_2,NA,2015-03-02,1,NA,1,NA,NA,6,NA,2,NA
5443_2,NA,2010-04-09,2,NA,2,NA,NA,6,NA,2,NA
5476_2,NA,2013-01-23,2,NA,2,NA,NA,6,NA,2,NA
5489_2,NA,2010-04-26,1,NA,1,NA,NA,6,NA,2,NA
5493_2,NA,2015-08-18,2,NA,2,NA,NA,46,NA,1,NA
5497_2,NA,2014-01-24,2,NA,2,NA,NA,6,NA,2,NA
5500_2,NA,2013-05-02,7,NA,1,NA,NA,6,NA,2,NA
2208_3,NA,2010-05-26,2,NA,2,NA,NA,26,NA,2,NA
2266_3,NA,2010-02-21,1,NA,1,NA,NA,6,NA,2,NA
2267_3,NA,2008-10-30,2,NA,2,NA,NA,6,NA,2,NA
2272_3,NA,2010-09-06,1,NA,1,NA,NA,6,NA,2,NA
2276_3,NA,2007-06-27,1,NA,1,NA,NA,6,NA,2,NA
2292_3,NA,2012-11-01,2,NA,2,NA,NA,6,NA,2,NA
2325_3,NA,2013-12-14,1,NA,1,NA,NA,6,NA,2,NA
3097_3,NA,2004-11-28,2,NA,2,NA,NA,6,NA,2,NA
3347_3,NA,2013-06-18,2,NA,2,NA,NA,246,NA,1,NA
3446_3,NA,2018-02-21,1,NA,1,NA,NA,6,NA,2,NA
3501_3,NA,2008-01-26,2,NA,2,NA,NA,6,NA,2,NA
3580_3,NA,2010-06-05,2,NA,2,NA,NA,6,NA,2,NA
3587_3,NA,2004-06-08,2,NA,2,NA,NA,6,NA,2,NA
3891_3,NA,2003-04-21,1,NA,1,NA,NA,6,NA,2,NA
3937_3,NA,2008-03-29,1,NA,1,NA,NA,6,NA,2,NA
3960_3,NA,2005-09-25,1,NA,1,NA,NA,6,NA,2,NA
4247_3,NA,2012-12-05,2,NA,2,NA,NA,6,NA,2,NA
4388_3,NA,2018-01-19,2,NA,2,NA,NA,6,NA,2,NA
4407_3,NA,2011-09-18,2,NA,2,NA,NA,6,NA,2,NA
4474_3,NA,2012-04-24,2,NA,2,NA,NA,6,NA,2,NA
4632_3,NA,2012-04-24,2,NA,2,NA,NA,6,NA,2,NA
4806_3,NA,2006-05-06,1,NA,1,NA,NA,6,NA,2,NA
4831_3,NA,2013-08-27,1,NA,1,NA,NA,6,NA,2,NA
4873_3,NA,2016-11-21,1,NA,1,NA,NA,6,NA,2,NA
4913_3,NA,2018-02-21,1,NA,1,NA,NA,6,NA,2,NA
4946_3,NA,2013-06-18,2,NA,2,NA,NA,26,NA,2,NA
5043_3,NA,2015-01-30,2,NA,2,NA,NA,6,NA,2,NA
5125_3,NA,2017-02-17,2,NA,2,NA,NA,6,NA,2,NA
5144_3,NA,2009-12-30,1,NA,1,NA,NA,6,NA,2,NA
5271_3,NA,2013-03-09,NA,NA,2,NA,NA,6,NA,2,NA
5304_3,NA,2014-10-11,2,NA,2,NA,NA,2,NA,2,NA
5407_3,NA,2012-09-07,2,NA,2,NA,NA,6,NA,2,NA
5443_3,NA,2007-06-08,1,NA,1,NA,NA,6,NA,2,NA
2208_4,NA,2013-10-30,2,NA,2,NA,NA,26,NA,2,NA
2272_4,NA,2012-04-14,1,NA,1,NA,NA,6,NA,2,NA
3097_4,NA,2008-05-19,1,NA,1,NA,NA,6,NA,2,NA
3347_4,NA,2016-07-16,1,NA,1,NA,NA,246,NA,1,NA
3501_4,NA,2009-12-16,1,NA,1,NA,NA,6,NA,2,NA
3891_4,NA,2005-07-20,2,NA,2,NA,NA,6,NA,2,NA
4247_4,NA,2016-11-05,2,NA,2,NA,NA,6,NA,2,NA
4407_4,NA,2013-11-21,1,NA,1,NA,NA,6,NA,2,NA
4474_4,NA,2015-07-31,1,NA,1,NA,NA,6,NA,2,NA
4632_4,NA,2015-07-31,1,NA,1,NA,NA,6,NA,2,NA
4831_4,NA,2017-03-27,2,NA,2,NA,NA,6,NA,2,NA
5144_4,NA,2012-01-21,2,NA,2,NA,NA,6,NA,2,NA
5271_4,NA,2015-04-22,NA,NA,1,NA,NA,6,NA,2,NA
5407_4,NA,2014-11-04,2,NA,2,NA,NA,6,NA,2,NA
2272_5,NA,2016-11-07,2,NA,2,NA,NA,NA,NA,2,NA
4773,3,1973-04-14,2,NA,2,NA,6,6,NA,2,2
4773_2,NA,2008-05-29,2,NA,2,NA,NA,6,NA,2,NA
4773_3,NA,2006-03-02,2,NA,2,NA,NA,6,NA,2,NA
