devGenes_id,timestamp,fixing_things,making_up_lyrics,planning_a_trip_or_event,spontaneously_creating_lyrics,getting_people_to_feel_relaxed,drawing_random_geometrics,making_a_sculpture,finding_something_fun_wo_money,arguing_a_side_in_a_debate,solving_a_complex_math_prob,gathering_best_possible_assortment,make_myself_happy,writing_a_letter_to_the_editor,singing_in_harmony,appreciating_a_beautiful_painting,shooting_a_fun_video_to_air,coming_up_with_my_own_interpretation_to_art,enjoying_an_art_museum,writing_a_nonfiction_article,figuring_out_how_to_integrate_critiques,analyzing_the_themes_in_a_book,playing_music_in_public,writing_a_poem,maintaining_a_good_balance,able_to_work_through_personal_probs_in_a_healthy,solving_math_puzzles,thinking_of_new_ways_to_help,learning_how_to_play_a_musical_intrument,mediating_a_dispute_or_argument,making_up_rhymes,teaching_someone,sketching_a_person_or_obj,acting_in_a_play,constructing_something_out,writing_a_computer_prog,choosing_the_best_solution,composing_an_original_song,debating_a_controversial_topic,offer_constructive_feedback,drawing_a_picture_of_sth_never_seen,making_a_scrapbook_page,responding_to_an_issue,carving_something_out_of_wood,helping_other_people_cope,building_something_mechanical,researching_a_topic,taking_apart_machines,helping_to_carry_out_or_design_a_scientific_exp,coming_up_with_a_new_way_tothink_about_an_old_debate,taking_a_well_composed_photo,kdocs_complete
2208,2023-11-03T14:10:03Z,4,4,5,2,5,1,1,4,4,1,5,5,5,2,5,1,5,5,5,5,5,2,2,1,1,1,5,3,3,1,4,1,5,1,1,5,3,5,5,1,4,5,1,5,1,5,1,2,5,5,2
2209,2023-11-08T08:31:32Z,3,4,3,3,2,3,1,3,3,3,5,4,4,1,1,1,1,1,4,5,4,1,1,3,3,3,4,1,3,4,3,1,1,1,2,3,3,4,5,1,1,3,1,3,2,5,1,5,3,2,2
2266,2022-12-06T10:33:21Z,3,NA,4,1,5,3,3,3,4,3,5,4,3,3,4,2,3,4,2,4,3,2,1,4,4,3,4,3,4,1,4,1,4,2,1,4,1,4,4,1,2,4,1,4,3,4,4,3,3,2,2
2267,2023-11-22T16:55:53Z,3,5,5,4,3,1,1,4,2,4,5,4,5,4,4,1,3,3,5,4,3,4,3,4,4,4,5,5,4,5,4,1,2,1,3,5,1,4,4,2,3,4,1,5,2,4,1,5,5,4,2
2272,2022-12-25T21:05:58Z,2,4,1,3,2,5,4,4,5,3,4,4,5,3,4,2,4,4,5,5,5,4,5,3,3,2,5,4,4,4,2,4,4,1,1,1,4,5,5,4,2,3,3,3,1,4,1,4,4,4,2
2276,2023-12-28T14:10:07Z,5,1,5,1,4,3,2,4,2,5,5,2,4,4,3,1,2,2,2,3,4,4,2,4,4,4,5,4,4,3,4,1,4,3,5,5,1,3,5,3,2,4,2,4,4,5,5,5,4,3,2
2292,2023-11-03T13:06:30Z,4,2,5,2,4,4,5,5,1,5,2,4,2,4,5,5,3,4,1,1,1,2,2,4,4,5,4,3,1,3,5,1,1,3,1,3,1,1,2,3,5,1,4,4,3,3,2,2,2,5,2
2341,2023-11-05T17:17:31Z,3,3,3,2,2,3,3,4,3,4,3,3,3,3,5,2,4,4,3,3,4,3,3,3,3,4,3,3,3,3,3,4,3,3,3,4,3,3,3,3,3,3,3,4,3,5,3,3,3,3,2
2347,2023-11-16T14:37:38Z,4,3,5,2,3,4,2,5,4,4,4,3,2,1,2,1,2,2,3,4,4,1,1,2,4,4,4,3,3,2,4,1,1,2,4,5,1,4,4,1,2,4,3,3,3,5,3,5,4,2,2
2373,2023-11-03T19:30:53Z,5,3,2,1,2,4,3,3,1,4,4,4,4,2,3,4,3,3,2,2,3,4,2,3,3,4,1,3,3,2,1,2,2,3,5,4,2,4,3,2,3,3,2,2,4,4,5,3,3,4,2
2375,2023-11-03T19:50:23Z,3,2,4,2,3,1,1,4,3,1,5,5,4,4,4,2,3,4,3,4,4,4,3,3,3,1,3,4,4,3,4,2,1,1,1,4,3,3,4,1,2,4,1,4,2,5,1,3,4,3,2
2394,2023-11-06T23:11:17Z,4,2,4,1,3,2,2,4,1,4,4,5,2,1,2,2,4,3,4,4,4,2,2,2,4,4,5,2,3,2,4,1,2,1,2,4,2,1,4,2,4,2,1,4,1,4,4,2,1,2,2
2397,2023-12-13T12:12:04Z,2,5,5,2,4,2,3,4,2,3,4,4,3,4,4,2,4,4,4,4,4,1,4,4,4,2,4,3,5,4,3,2,2,2,1,4,3,4,4,3,3,4,2,5,2,4,2,2,4,4,2
2415,2023-11-03T11:11:49Z,5,1,4,1,2,2,2,4,2,5,3,4,2,1,1,2,1,1,4,3,2,1,1,2,4,5,5,1,2,1,4,1,1,2,4,4,1,2,4,1,3,3,2,2,4,4,5,5,2,2,2
2453,2023-11-09T14:42:50Z,2,4,4,3,4,3,2,4,3,3,4,4,3,2,1,1,1,1,4,3,2,3,1,3,4,4,4,3,3,2,5,1,1,2,1,4,1,4,4,3,3,4,2,4,1,3,1,3,3,2,2
2458,2023-11-03T12:40:40Z,5,1,2,1,4,2,2,3,4,4,4,4,2,1,4,2,2,4,2,3,3,1,1,4,4,4,4,2,4,1,5,2,2,3,3,4,1,4,4,1,1,4,2,4,2,4,4,4,4,3,2
2463,2023-11-03T11:13:34Z,2,2,5,2,5,3,2,5,1,2,5,5,1,1,5,2,5,5,1,5,5,1,1,5,5,2,5,1,1,2,3,1,3,2,1,3,1,4,4,1,4,4,1,5,1,5,1,1,4,2,2
2468,2023-11-27T01:56:59Z,3,3,4,3,5,2,1,4,1,1,3,4,2,2,4,2,3,4,2,3,3,1,3,3,4,2,5,1,3,2,4,1,1,1,1,4,1,2,3,1,3,3,1,5,1,4,1,3,3,3,2
2482,2023-11-10T17:07:38Z,2,2,4,1,4,2,2,5,4,4,4,2,2,1,1,2,2,2,3,4,3,2,2,4,4,4,4,1,4,2,4,2,2,4,2,4,1,3,4,1,3,4,4,4,2,4,2,3,4,2,2
2516,2023-11-03T12:32:46Z,1,1,5,1,3,4,4,3,3,4,5,4,3,1,4,1,4,5,1,3,4,1,1,3,3,4,2,2,3,2,3,2,2,4,2,4,1,3,2,3,4,3,3,4,3,5,2,4,2,3,2
2524,2023-11-03T12:10:12Z,4,4,5,1,3,2,1,4,4,5,5,3,3,5,4,1,2,4,3,5,4,1,1,5,4,5,5,4,5,4,4,1,3,1,3,5,2,5,5,3,3,3,1,5,4,5,4,5,5,3,2
2531,2022-11-16T20:22:46Z,3,4,3,4,4,4,5,3,2,4,4,2,3,4,5,4,4,4,4,3,3,2,4,2,1,4,3,3,4,5,3,3,3,4,2,3,3,4,3,3,3,3,4,4,3,5,5,4,3,5,2
2533,2023-11-05T15:46:40Z,3,4,5,4,5,2,2,3,3,5,4,4,5,1,4,3,2,3,5,4,4,1,3,3,3,5,4,1,3,5,4,2,5,2,3,5,2,5,3,2,4,5,2,4,3,4,4,5,5,2,2
2535,2023-11-03T11:23:07Z,5,4,5,3,5,5,5,4,4,2,3,2,4,2,5,4,5,5,5,3,4,2,3,1,2,1,4,2,4,2,5,3,5,5,3,4,2,5,4,4,4,4,5,5,4,5,4,5,5,5,2
2555,2023-11-03T11:19:29Z,3,2,4,1,4,5,2,4,2,2,4,2,1,1,4,1,4,4,1,2,3,1,2,3,4,3,4,3,3,1,5,4,1,1,3,4,1,2,3,2,2,4,2,4,2,4,NA,5,4,1,2
2557,2023-11-03T15:40:56Z,2,2,3,1,2,2,2,4,4,2,4,2,4,2,3,1,2,3,4,3,3,2,1,2,3,1,2,3,3,2,2,1,2,2,1,2,1,4,3,2,2,3,2,2,2,3,2,2,3,2,2
2600,2023-11-03T15:52:27Z,3,2,4,1,2,4,3,4,4,3,5,3,4,2,3,2,4,4,4,2,4,2,5,3,3,4,3,2,1,4,4,2,4,4,2,4,4,4,2,2,2,3,3,1,2,4,3,4,3,4,2
2625,2023-11-03T13:41:43Z,4,5,5,5,4,5,5,4,4,4,4,4,3,4,4,5,5,5,4,4,4,5,5,4,4,4,4,5,4,4,4,5,5,5,4,4,5,4,3,4,5,4,5,4,5,4,5,4,4,5,2
2635,2023-11-03T11:10:11Z,1,4,3,1,4,3,2,5,5,2,5,3,5,1,3,2,2,4,5,5,5,2,3,3,4,2,5,3,4,4,4,2,3,1,1,4,2,5,4,1,3,5,1,5,1,5,1,3,4,3,2
2693,2023-11-03T11:26:39Z,4,2,5,2,4,5,3,4,3,2,4,4,3,1,4,2,2,5,1,3,3,2,2,4,4,2,4,2,4,3,4,4,2,3,1,4,1,3,3,2,5,4,3,4,2,3,2,4,3,4,2
2710,2023-11-06T09:42:08Z,4,4,4,3,3,1,1,3,4,4,5,5,4,2,4,1,4,4,5,4,5,2,3,4,4,4,2,4,4,3,4,1,1,2,4,5,4,3,5,1,2,3,3,2,4,4,4,5,3,1,2
2718,2023-11-03T13:16:49Z,4,2,4,2,4,1,1,4,4,5,4,4,2,2,2,2,2,3,2,4,4,2,2,5,4,5,3,2,4,2,4,1,1,4,1,5,1,4,4,2,2,4,2,4,4,4,4,4,4,4,2
2742,2023-02-27T16:12:00Z,3,5,4,2,5,2,1,5,5,4,2,5,4,1,4,2,4,4,4,4,4,1,3,5,5,4,3,1,3,5,4,1,4,1,1,4,2,4,5,1,3,5,1,2,3,4,2,4,5,2,2
2753,2023-11-03T11:28:33Z,5,4,5,1,2,5,5,4,2,5,5,3,2,2,5,1,1,5,5,5,5,4,3,2,3,5,2,5,1,4,5,5,1,5,4,5,1,1,5,5,5,5,5,2,4,5,5,5,1,2,2
2767,2023-11-03T21:41:36Z,5,3,3,2,1,2,2,3,4,4,2,2,2,2,1,2,1,2,3,2,3,1,2,2,2,3,2,1,1,1,1,1,1,4,4,4,1,4,4,1,1,2,4,1,4,5,4,3,3,1,2
2794,2022-11-16T14:58:38Z,3,2,4,1,4,1,1,3,3,2,5,4,4,2,2,1,2,3,4,4,4,1,1,4,4,2,4,1,4,1,4,1,1,1,2,4,1,3,5,1,1,5,1,5,1,4,1,5,4,4,2
2799,2023-11-07T10:12:21Z,5,4,3,3,4,5,3,5,2,3,5,4,5,3,4,3,3,4,5,4,5,3,4,5,4,5,4,4,3,4,2,1,3,5,5,5,4,5,5,3,2,5,3,4,5,5,5,5,5,4,2
2803,2023-11-08T21:35:04Z,4,3,2,3,4,4,3,5,3,3,2,3,3,4,4,3,3,4,3,3,3,2,2,3,3,4,4,4,3,3,4,3,3,2,3,3,3,3,3,4,4,4,2,4,2,3,3,1,2,4,2
2810,2023-11-06T17:11:09Z,4,5,2,2,3,5,4,3,5,1,3,3,3,4,4,1,4,3,5,4,4,1,4,2,2,1,3,3,5,4,3,4,3,3,2,3,2,4,4,5,4,5,2,4,2,3,1,4,3,4,2
2822,2023-11-05T23:23:33Z,3,4,4,2,1,4,3,4,3,1,5,4,5,1,5,1,4,5,5,5,4,1,2,3,4,1,3,3,2,2,5,2,1,3,2,5,2,3,5,4,3,4,2,1,2,5,2,3,3,4,2
2890,2023-11-03T14:46:16Z,4,4,4,4,3,3,3,4,4,4,5,3,4,2,2,4,2,2,4,3,4,3,3,3,4,4,3,4,3,3,3,2,3,3,2,3,2,4,3,3,4,4,2,4,3,5,2,2,4,3,2
2899,2023-11-06T18:45:44Z,4,5,4,4,4,1,3,3,4,4,5,3,5,4,5,2,5,4,4,4,5,3,3,1,3,4,5,4,4,5,5,1,4,2,3,5,4,5,4,2,2,3,2,4,2,5,2,4,5,4,2
2907,2023-11-03T14:07:33Z,2,2,4,2,4,4,3,4,3,2,4,4,4,4,3,3,4,3,4,4,5,4,4,4,5,3,4,4,5,3,5,3,3,3,2,4,3,4,4,4,4,5,3,4,2,4,2,4,3,3,2
2917,2023-11-09T10:29:22Z,2,1,4,1,4,1,2,4,2,1,2,3,2,2,2,1,2,2,3,4,4,1,1,4,4,1,2,1,2,1,3,1,1,1,1,3,1,3,5,1,3,3,1,3,1,4,1,1,3,3,2
2918,2023-11-06T09:44:23Z,1,5,4,4,2,1,3,3,5,4,4,3,3,4,3,3,3,3,2,4,3,4,3,4,3,4,3,4,4,4,4,2,4,3,2,3,3,4,4,1,3,4,5,3,2,5,2,4,3,2,2
2925,2023-11-04T07:21:36Z,5,3,4,3,4,4,3,3,5,4,5,4,3,4,4,2,4,4,3,4,3,4,2,2,3,4,3,3,4,3,5,2,1,2,2,4,2,5,4,3,3,4,1,1,3,5,3,5,4,2,2
2933,2023-11-06T20:02:41Z,2,4,5,2,4,4,4,5,5,1,4,5,3,3,5,4,5,4,4,4,5,2,4,5,5,3,5,2,4,4,5,3,5,3,3,5,3,4,5,3,4,4,3,4,3,4,3,5,4,3,2
2944,2023-11-03T12:01:52Z,1,5,5,2,2,5,4,5,5,1,5,2,5,1,3,1,3,3,5,5,3,1,1,3,3,1,3,1,4,5,3,4,1,5,1,5,1,4,5,3,5,3,1,2,3,5,4,3,4,3,2
2946,2023-11-06T12:05:48Z,1,2,3,1,2,3,2,4,1,5,5,4,4,4,5,2,5,5,5,5,5,4,1,2,3,4,3,5,3,3,5,2,1,4,3,4,1,5,4,3,5,5,4,3,1,5,1,5,5,5,2
2995,2022-11-17T20:53:10Z,5,3,3,2,2,3,2,3,3,4,4,3,3,4,3,3,2,3,4,4,2,3,2,2,3,4,3,4,2,2,4,2,2,4,5,4,2,3,4,2,2,4,4,4,4,4,4,4,4,2,2
2998,2023-11-03T14:05:39Z,4,2,4,2,1,2,2,1,4,4,4,3,2,2,2,2,1,2,2,4,3,3,1,3,3,5,4,5,4,2,3,3,3,4,4,4,1,4,4,2,4,4,3,2,5,4,5,5,3,4,2
3005,2023-11-08T10:17:39Z,3,3,4,1,1,1,1,3,1,4,4,3,1,3,4,3,3,4,2,3,2,3,1,3,3,4,2,4,2,2,2,3,3,1,1,3,1,2,2,3,4,3,2,2,1,2,1,2,1,4,2
3016,2023-11-03T11:14:47Z,2,5,3,3,2,3,3,3,5,3,4,3,4,4,4,3,5,4,5,4,4,3,5,3,2,3,4,3,4,5,4,1,5,1,1,4,2,5,4,2,2,4,1,4,1,5,1,3,5,1,2
3018,2023-11-03T11:14:28Z,3,3,4,3,3,3,4,3,4,4,4,2,3,3,3,2,3,3,3,4,3,2,3,4,3,4,4,3,3,3,3,3,2,3,3,3,3,3,3,3,3,3,4,4,3,4,3,4,3,3,2
3019,2023-11-03T11:27:05Z,5,4,3,2,5,5,4,4,1,1,4,1,4,3,5,2,2,4,3,4,3,1,3,5,2,1,4,2,5,2,5,1,5,3,4,3,1,3,4,5,2,4,3,5,4,5,5,5,3,2,2
3056,2023-11-03T12:16:46Z,2,3,5,2,4,2,2,4,3,4,4,3,4,4,2,2,3,2,5,4,4,2,4,5,4,5,5,3,5,3,5,2,3,4,1,5,2,4,5,2,5,5,2,5,1,5,1,5,2,2,2
3072,2023-11-04T16:45:30Z,2,2,4,2,4,2,4,4,3,2,2,5,2,5,3,2,2,3,1,4,3,5,1,4,4,1,4,5,3,1,3,1,2,1,1,3,2,4,3,1,4,4,2,4,1,3,1,3,2,2,2
3077,2023-11-03T16:57:18Z,2,5,5,5,5,4,3,3,4,2,4,4,4,4,3,2,4,3,5,3,2,4,2,2,2,3,3,3,4,4,4,3,2,2,1,5,4,5,5,3,4,4,1,5,1,5,1,3,4,1,2
3090,2023-11-03T13:25:39Z,3,4,5,5,5,5,5,5,5,5,5,5,5,4,4,4,4,3,3,4,4,4,5,4,4,3,4,4,4,4,4,4,4,4,3,4,5,3,4,4,4,4,4,4,4,4,3,5,3,4,2
3093,2023-02-27T16:02:49Z,3,4,4,1,1,4,3,2,2,1,4,3,4,1,4,1,2,4,5,4,3,1,2,3,3,4,3,1,2,4,3,2,4,3,1,4,1,4,3,4,5,4,3,4,2,4,1,4,3,3,2
3097,2023-12-04T10:24:06Z,2,3,4,1,4,3,2,3,4,3,5,4,4,2,4,2,4,4,4,4,5,1,4,3,3,4,5,2,4,4,4,2,3,2,1,4,1,5,5,2,5,5,2,5,2,5,3,4,4,4,2
3111,2023-11-06T16:21:45Z,3,2,3,1,3,3,4,4,4,3,3,3,3,3,3,2,3,3,3,3,1,3,2,3,4,3,4,3,4,2,4,4,3,4,3,4,2,4,3,2,5,4,4,4,4,3,5,3,3,3,2
3112,2023-11-06T09:16:02Z,4,1,5,1,3,3,1,5,1,5,5,5,3,2,5,1,1,4,1,1,1,1,1,3,3,4,2,1,1,1,3,1,1,1,1,3,1,4,2,1,2,3,1,3,1,3,1,1,2,1,2
3132,2023-11-03T14:03:25Z,3,2,4,2,5,4,2,4,2,2,5,4,4,3,3,4,4,4,5,4,4,2,4,3,4,2,4,2,4,4,3,3,3,3,2,4,3,3,4,4,4,3,2,4,4,5,2,3,4,4,2
3140,2023-11-14T20:59:20Z,4,4,4,3,2,4,3,4,4,4,3,3,2,1,5,1,4,4,2,4,3,1,2,3,4,4,4,3,3,3,4,3,1,4,3,3,1,3,4,3,3,3,2,3,3,3,3,3,3,3,2
3151,2023-11-03T15:05:11Z,3,2,4,2,3,1,2,4,5,4,4,3,3,4,2,1,2,2,3,3,4,2,2,4,4,4,4,3,3,1,4,1,4,2,2,4,2,4,4,2,3,4,2,5,2,3,2,4,4,2,2
3213,2023-12-10T09:37:29Z,3,4,4,3,4,2,3,3,2,4,4,3,4,2,4,3,4,4,4,4,5,2,5,2,2,3,4,3,4,4,4,2,3,2,2,3,3,4,4,4,4,4,2,4,2,4,2,4,4,3,2
3237,2023-11-18T00:52:49Z,5,3,4,4,2,3,1,5,5,4,5,1,4,4,1,1,1,1,5,4,2,4,1,3,2,4,5,5,4,2,4,1,4,5,3,4,4,5,4,3,3,3,3,5,4,5,5,5,4,4,2
3278,2023-11-06T17:14:05Z,3,3,4,2,3,2,4,3,4,5,4,3,1,1,3,1,2,3,3,4,3,1,1,2,3,4,3,1,3,1,4,2,2,3,3,3,1,4,4,2,3,4,2,2,3,2,3,4,3,3,2
3308,2023-11-03T11:10:03Z,2,5,5,5,3,4,3,4,4,5,5,3,4,1,3,3,1,2,4,4,4,1,1,4,4,4,3,1,4,2,4,1,3,4,1,3,4,4,4,2,1,4,5,3,1,4,3,4,3,2,2
3315,2023-11-03T11:55:53Z,1,5,3,4,1,2,1,3,1,3,2,2,2,1,2,1,2,2,2,3,1,1,1,3,2,3,4,2,1,1,3,2,1,4,1,2,1,3,3,3,3,3,2,3,2,3,3,3,2,4,2
3340,2023-02-28T14:31:55Z,4,2,4,2,3,3,4,4,4,5,5,4,4,3,4,3,3,4,4,3,4,2,3,4,3,5,3,2,3,3,5,2,3,4,4,4,2,5,5,3,3,4,4,4,4,5,5,5,4,4,2
3351,2023-11-06T12:11:09Z,3,1,4,1,3,2,3,3,3,3,4,3,3,3,3,2,1,3,4,4,3,1,1,3,3,2,4,1,3,2,3,2,2,3,1,3,1,3,3,2,3,3,3,3,2,3,3,3,3,3,2
3420,2023-11-19T20:20:37Z,3,3,3,1,4,3,3,4,2,2,4,4,4,2,3,2,2,3,4,4,3,1,2,4,4,3,4,2,5,4,5,1,1,3,1,4,4,4,4,2,3,3,2,4,2,4,3,4,3,3,2
3425,2023-11-03T14:35:48Z,1,2,3,1,3,4,4,5,5,4,4,4,4,1,4,1,4,4,4,4,5,1,1,4,3,4,3,1,3,2,4,1,1,4,1,4,1,5,5,1,2,5,5,3,2,4,3,4,5,3,2
3443,2023-11-03T12:00:57Z,5,5,5,4,2,4,3,5,4,3,5,4,4,3,3,3,4,4,4,5,5,3,4,5,5,5,5,5,5,4,5,3,4,3,5,5,5,5,5,5,4,5,3,4,5,5,5,5,4,2,2
3446,2023-11-21T00:03:43Z,4,2,4,2,4,2,1,5,4,4,4,5,4,1,4,1,4,4,4,4,3,1,1,4,3,4,4,1,4,2,4,1,2,1,3,4,1,4,4,3,2,4,2,4,4,4,5,5,4,2,2
3460,2022-12-12T16:23:44Z,4,2,4,1,4,3,3,3,3,5,5,4,3,3,4,4,4,4,4,2,3,3,2,4,4,4,4,2,3,2,4,4,2,4,2,4,1,2,3,2,2,4,2,4,2,4,4,4,2,3,2
3468,2023-12-12T18:14:33Z,4,4,4,2,2,1,2,3,1,2,3,3,5,4,4,3,3,4,5,2,2,2,4,2,3,3,4,4,4,3,4,2,5,2,4,4,3,4,4,5,2,3,1,3,4,2,5,4,1,2,2
3513,2023-11-03T19:13:37Z,3,5,4,2,3,3,4,4,5,2,4,3,4,5,4,4,4,4,4,5,5,4,5,4,4,2,4,5,5,4,4,2,4,2,2,4,5,5,5,2,4,4,2,4,1,4,3,4,4,3,2
3517,2022-11-17T07:12:55Z,5,5,5,4,4,3,3,4,3,5,5,5,3,4,3,4,4,3,4,4,3,4,3,4,4,5,4,5,4,4,4,3,3,3,5,4,4,4,4,3,4,4,3,4,4,4,4,4,4,4,2
3588,2023-11-03T12:15:02Z,2,2,4,1,2,3,4,5,5,2,4,3,2,2,5,1,4,5,2,3,3,2,1,2,3,2,5,4,4,1,1,4,3,4,4,3,1,2,4,4,5,4,4,5,4,4,4,2,2,3,2
3601,2023-11-03T11:51:08Z,3,4,5,2,5,3,4,5,4,2,4,4,4,5,4,3,4,4,4,4,4,5,4,4,4,2,5,5,4,4,4,3,3,3,2,4,4,4,4,3,5,4,2,4,2,4,2,2,4,4,2
3608,2023-12-05T15:07:02Z,4,5,4,4,5,4,3,5,4,4,4,4,3,4,4,3,5,5,4,4,4,4,4,4,4,4,5,4,4,4,5,2,5,2,2,4,4,5,4,5,4,4,2,5,2,5,3,3,4,2,2
3629,2023-12-04T13:20:16Z,5,4,3,2,3,3,3,4,4,5,5,3,4,2,3,4,3,3,4,3,4,2,4,3,3,4,3,4,3,4,4,3,4,3,4,4,3,3,4,4,3,3,3,3,3,4,4,4,3,4,2
3634,2023-11-08T20:15:35Z,3,4,4,2,3,1,1,4,3,5,4,4,4,4,4,2,3,4,4,3,4,4,4,4,4,5,3,4,3,3,4,1,3,1,2,4,3,3,4,4,2,4,2,3,2,4,2,4,3,3,2
3636,2023-11-03T11:29:40Z,1,5,2,2,3,4,5,3,1,2,5,4,1,5,4,2,3,5,2,3,3,3,1,4,3,3,4,4,3,5,4,4,4,3,1,3,2,4,4,4,5,4,3,4,3,5,2,5,3,4,2
3639,2023-11-05T12:59:31Z,3,5,5,4,3,4,5,5,5,1,5,1,3,5,5,3,5,5,5,5,5,5,5,4,1,1,4,5,5,5,5,5,5,5,2,2,5,5,5,5,5,4,5,4,1,5,4,2,4,5,2
3656,2023-11-03T14:40:47Z,4,4,4,2,4,5,4,5,3,2,2,4,2,3,4,4,4,4,2,4,4,2,4,4,4,2,4,2,4,5,4,4,4,4,2,4,2,3,4,4,4,4,4,4,4,4,4,4,4,4,2
3664,2023-11-09T15:27:13Z,2,4,2,3,2,3,4,4,1,3,3,3,3,3,5,2,4,5,3,3,3,2,2,4,3,3,3,3,2,3,3,4,3,4,3,3,3,3,3,4,4,3,4,3,3,4,3,4,2,3,2
3729,2023-11-04T03:38:07Z,2,3,2,3,2,4,3,4,3,2,2,3,2,2,4,3,4,4,3,3,3,3,4,3,3,4,2,2,2,3,3,3,2,4,2,2,3,2,3,3,3,3,3,2,2,2,2,3,3,4,2
3748,2023-11-04T07:25:39Z,4,4,4,2,4,4,3,5,4,5,3,2,2,1,4,4,3,4,4,4,4,1,1,3,3,5,3,1,3,4,4,4,4,2,4,3,1,4,4,4,3,4,3,3,1,2,2,3,2,3,2
3752,2023-11-11T10:47:07Z,3,1,4,1,4,5,2,4,5,2,5,4,3,1,2,1,2,2,4,5,3,1,1,3,4,2,4,1,5,1,5,4,1,2,3,4,1,5,4,3,4,4,2,4,1,5,1,3,4,3,2
3760,2023-11-19T15:55:35Z,4,2,4,2,3,3,2,3,4,3,4,3,3,2,3,2,2,3,3,4,3,3,2,3,3,3,4,4,4,3,4,3,3,1,1,3,1,4,3,2,4,4,1,4,2,3,3,3,3,3,2
3792,2023-11-03T15:10:48Z,5,4,2,2,5,5,3,4,5,5,4,5,4,4,3,1,4,3,2,2,5,4,4,1,5,5,5,4,5,4,5,2,2,2,5,5,3,5,2,4,2,4,4,5,4,5,4,4,5,3,2
3807,2023-11-16T18:10:35Z,2,3,5,3,5,4,4,3,3,2,3,4,3,3,5,2,4,5,2,5,3,4,4,4,4,2,3,4,4,2,4,3,3,3,1,4,3,3,4,3,5,4,2,4,2,3,2,2,4,4,2
3814,2023-11-06T11:36:06Z,1,3,5,2,5,5,4,4,2,1,4,4,3,3,4,3,3,3,3,4,4,2,1,5,4,2,5,3,4,2,4,3,2,2,1,5,1,5,4,4,5,4,1,5,1,4,1,3,4,3,2
3829,2023-11-03T14:34:40Z,1,3,4,3,4,2,1,3,4,2,4,1,2,3,1,1,2,2,3,4,4,2,3,1,2,2,3,2,4,3,3,3,3,3,3,3,3,4,3,2,3,3,3,3,3,3,3,3,3,3,2
3837,2023-11-03T15:38:10Z,4,1,4,1,3,3,2,4,4,2,4,4,2,1,1,1,1,1,3,4,3,1,1,5,3,3,4,2,3,1,4,1,1,1,1,3,1,4,3,2,3,3,1,4,1,4,1,3,2,2,2
3844,2023-11-19T12:06:10Z,4,4,2,2,5,2,2,3,4,5,4,1,4,4,3,3,4,3,3,4,4,2,2,3,2,5,4,3,4,3,5,3,3,3,2,4,2,4,4,2,1,4,3,4,3,5,4,4,5,2,2
3845,2023-11-03T12:52:42Z,1,5,4,4,5,1,1,4,5,1,5,NA,5,4,NA,5,4,3,5,4,4,4,3,4,5,2,5,3,3,5,4,1,3,1,1,5,1,5,5,3,3,4,1,5,1,5,1,5,5,4,2
3864,2023-12-15T12:22:44Z,3,5,3,5,3,2,3,3,4,1,2,3,2,2,2,2,1,2,3,3,2,3,3,2,2,2,4,2,3,5,4,2,2,2,1,3,5,4,5,4,3,3,2,3,2,2,3,3,4,3,2
3876,2023-11-04T20:41:46Z,5,5,5,4,4,4,4,4,3,2,5,5,3,4,5,3,5,5,4,4,4,4,3,5,NA,2,5,4,5,4,5,4,4,4,2,5,2,4,4,4,4,4,4,5,3,5,3,5,4,4,2
3887,2023-11-03T11:54:38Z,2,1,4,1,5,3,2,NA,1,4,3,3,4,1,2,1,1,2,1,3,1,1,1,4,4,3,4,2,3,2,4,2,1,2,3,4,1,3,2,2,3,4,2,4,4,2,4,3,2,2,2
3891,2023-11-18T07:45:57Z,3,4,4,3,4,5,5,3,NA,5,5,4,5,4,4,5,5,3,5,5,4,3,5,2,2,5,5,4,3,5,5,4,4,2,1,5,3,5,4,4,4,4,3,5,2,4,3,4,5,4,2
3908,2023-11-11T21:55:16Z,3,2,5,2,4,3,4,4,4,4,4,4,4,2,3,2,4,4,3,4,3,2,3,4,4,4,4,3,4,3,4,2,2,4,2,4,2,4,4,4,4,4,3,4,3,4,3,4,4,3,2
3937,2023-11-08T12:13:09Z,4,4,5,3,2,1,3,4,3,2,5,4,2,3,3,3,3,3,4,4,4,2,4,3,4,2,4,4,4,4,5,2,1,2,1,4,3,4,3,2,4,4,2,4,1,4,1,4,3,5,2
3941,2022-12-05T19:29:52Z,4,3,5,3,4,2,2,4,2,4,5,5,2,2,3,3,1,4,1,3,2,2,1,4,5,4,4,3,4,2,4,2,4,4,2,4,2,2,4,2,4,4,3,4,3,5,4,5,3,4,2
3960,2022-11-16T20:21:22Z,3,5,4,NA,5,1,1,5,3,1,3,5,3,2,5,2,3,5,3,3,3,1,2,5,5,5,5,1,4,3,5,2,2,2,1,5,2,4,4,1,1,5,1,5,3,4,3,5,5,1,2
4236,2023-11-03T16:07:47Z,3,4,4,2,4,2,1,4,1,1,3,2,4,1,3,2,1,3,4,4,2,1,2,3,4,1,4,2,4,4,5,2,1,1,1,4,2,3,3,3,4,3,1,4,1,3,2,3,3,2,2
4247,2023-01-18T09:51:06Z,5,2,2,1,3,4,4,5,4,3,2,4,4,1,5,4,4,4,4,2,2,1,4,4,4,4,4,4,5,4,4,4,4,5,5,5,1,4,4,4,4,5,4,2,4,3,5,5,5,4,2
4284,2023-05-26T13:31:14Z,4,5,3,4,4,1,2,4,2,3,4,3,3,1,3,4,4,4,3,3,3,1,3,3,4,4,4,3,3,5,5,1,3,4,1,5,1,3,5,4,3,3,2,5,4,4,2,4,4,2,2
4300,2023-02-06T20:09:38Z,4,3,5,3,3,4,2,5,1,5,4,4,3,2,4,3,3,4,3,3,4,1,3,3,4,5,4,4,2,4,4,1,1,4,4,4,3,3,3,2,4,3,2,2,4,4,4,4,3,2,2
4308,2023-01-06T15:41:43Z,3,1,1,1,5,5,5,3,5,3,5,4,3,1,5,1,4,5,4,5,5,1,5,3,4,2,1,1,1,5,5,5,3,4,4,4,1,5,5,5,4,5,4,4,3,5,3,5,5,4,2
4311,2023-01-19T07:43:39Z,3,4,3,2,2,4,5,5,4,3,3,1,5,3,4,3,5,3,3,3,5,1,5,4,3,4,5,1,4,5,5,4,5,3,3,3,3,5,5,4,3,5,3,3,3,3,4,5,5,5,2
4317,2023-02-11T22:27:25Z,2,5,4,4,1,4,5,2,4,1,5,1,5,2,5,1,5,4,5,4,5,1,5,1,1,3,4,1,1,4,4,3,5,4,1,4,4,5,5,4,5,5,3,4,1,5,3,4,5,5,2
4320,2023-02-18T15:15:14Z,3,5,4,5,4,1,1,4,5,3,4,4,4,3,3,1,3,3,4,4,4,1,3,3,4,3,4,1,4,4,3,1,1,1,2,3,3,4,4,1,4,4,1,5,1,4,1,2,4,1,2
4322,2023-02-20T15:31:15Z,3,4,5,3,4,1,1,4,3,3,4,4,3,3,4,2,2,2,3,3,4,1,1,2,3,4,3,2,3,5,3,1,1,1,3,4,2,3,4,1,3,4,1,4,2,5,5,5,4,3,2
4323,2023-02-20T15:43:48Z,2,3,4,3,3,3,3,5,5,3,4,2,4,4,3,4,3,2,4,4,5,4,3,2,2,3,3,4,3,4,4,3,4,2,1,4,3,5,4,3,3,5,3,4,2,5,1,4,5,4,2
4329,2023-02-20T15:51:29Z,4,3,5,1,4,5,4,4,1,2,3,4,2,1,4,2,2,5,3,3,3,2,2,4,4,3,3,2,3,4,4,4,2,2,1,4,2,3,3,3,5,4,2,4,2,3,2,4,3,4,2
4331,2023-02-21T07:36:59Z,3,2,2,1,2,4,3,5,5,5,5,3,1,2,4,1,4,4,3,4,5,4,5,3,4,4,2,4,5,5,5,3,2,4,4,4,3,5,5,4,4,4,5,2,1,4,1,2,4,1,2
4336,2023-02-20T15:42:06Z,2,5,4,4,1,2,1,3,1,2,2,2,2,1,2,1,1,2,1,3,2,1,2,3,3,3,3,1,1,3,4,2,1,4,1,2,1,3,3,2,4,2,4,2,1,3,2,4,1,5,2
4337,2023-02-20T15:52:21Z,4,4,4,3,4,5,5,5,5,4,5,4,3,5,5,5,5,4,3,2,3,4,4,2,3,4,4,4,3,3,4,5,5,3,3,3,3,5,5,5,3,2,2,4,3,4,3,5,4,4,2
4339,2023-02-20T16:57:35Z,5,1,4,1,1,1,1,4,2,5,5,2,1,1,1,1,1,1,5,4,1,1,1,5,4,5,4,3,2,1,4,1,1,3,5,5,1,5,5,1,1,3,1,1,4,5,3,5,4,1,2
4347,2023-02-20T15:49:11Z,3,4,5,4,2,3,2,5,2,1,5,4,5,1,4,3,3,4,5,4,4,1,3,2,4,1,4,2,3,4,3,2,4,2,1,3,1,4,4,3,4,4,1,4,1,5,2,2,3,3,2
4348,2023-02-20T16:23:45Z,5,3,5,3,5,1,1,4,5,2,5,5,5,3,2,2,2,3,3,4,3,1,3,2,4,3,4,4,5,3,4,2,5,3,4,5,1,5,4,2,2,5,3,5,4,5,4,3,5,4,2
4356,2023-02-20T15:44:20Z,2,2,5,1,3,5,2,3,5,4,3,4,4,2,2,1,2,3,4,5,2,1,4,4,5,5,5,1,5,2,4,1,3,1,1,4,3,4,4,3,2,4,1,4,1,1,1,1,4,3,2
4357,2023-04-04T13:19:39Z,1,5,5,3,4,4,2,5,4,1,5,4,5,2,NA,4,4,4,5,5,5,5,4,3,4,1,4,5,5,4,4,2,2,1,1,3,3,4,4,2,4,5,1,4,1,5,1,3,4,4,2
4358,2023-02-20T15:57:16Z,3,3,4,3,4,4,4,4,2,2,2,5,5,1,5,4,5,5,5,4,5,3,3,2,2,1,3,2,5,2,3,4,4,2,1,3,2,5,4,2,4,5,2,4,1,5,1,1,3,5,2
4363,2023-02-20T20:35:47Z,3,5,4,5,3,3,3,4,4,3,4,3,3,4,4,2,3,4,3,3,4,3,4,4,4,3,3,4,2,5,4,2,3,2,1,4,3,3,3,3,4,4,2,3,2,4,2,4,3,4,2
4367,2023-11-05T12:43:08Z,2,4,3,4,3,3,2,5,3,5,5,3,4,2,5,2,5,5,5,4,5,4,4,2,3,4,4,2,3,4,5,5,2,2,1,5,4,5,5,4,2,4,2,4,2,5,2,4,5,5,2
4374,2023-02-20T15:53:19Z,4,1,4,1,3,2,4,4,1,3,3,2,1,1,5,2,4,4,1,4,4,4,2,4,2,3,2,4,3,1,4,3,2,3,2,3,1,2,4,1,3,4,2,2,4,4,3,4,1,4,2
4377,2023-06-08T16:04:47Z,2,4,5,1,4,2,1,5,4,4,4,5,3,4,1,2,2,2,4,4,3,3,2,5,4,4,5,4,4,2,5,2,2,2,3,5,2,4,4,2,5,4,3,5,2,4,2,5,4,2,2
4378,2023-02-20T15:59:53Z,3,3,4,2,5,3,2,4,1,1,5,4,3,4,4,2,4,3,5,3,4,1,4,2,4,1,5,4,3,2,5,2,1,2,2,5,3,4,4,2,3,4,1,5,1,5,1,3,3,3,2
4380,2023-02-20T16:10:05Z,3,5,4,5,4,1,5,5,1,5,5,4,5,3,2,1,4,4,5,4,5,3,5,5,4,5,5,3,5,5,5,1,1,1,1,4,2,5,5,1,1,5,1,5,1,5,1,1,5,2,2
4382,2023-02-20T15:53:00Z,4,4,4,2,4,2,1,5,4,5,5,2,3,2,2,1,2,2,4,4,1,4,1,2,4,5,5,5,4,2,4,1,4,1,2,4,1,5,5,2,3,4,1,4,2,5,2,5,4,3,2
4384,2023-02-20T15:48:25Z,2,4,4,3,4,2,1,4,5,1,5,4,5,1,3,2,4,4,5,5,5,2,3,4,4,2,5,3,5,4,4,2,4,2,1,4,2,5,5,2,3,5,1,5,2,5,1,3,5,2,2
4387,2023-02-20T16:02:37Z,4,5,5,4,5,2,1,5,2,3,3,4,1,5,3,2,1,2,1,4,2,2,4,4,2,4,5,4,5,5,4,1,5,1,3,4,2,4,4,1,1,4,1,5,1,5,1,4,5,2,2
4389,2023-02-20T16:05:32Z,3,2,5,2,4,5,3,4,1,5,5,3,2,1,5,1,3,4,2,4,1,1,1,3,2,5,3,3,2,2,4,2,2,4,1,5,1,3,4,3,5,4,4,3,3,5,3,5,2,3,2
4396,2023-02-20T16:16:31Z,4,5,5,4,5,5,5,5,3,5,4,5,3,3,5,3,4,5,4,4,5,4,3,5,5,5,5,5,3,4,5,5,5,4,5,5,4,4,5,5,5,5,4,5,4,5,3,5,3,4,2
4406,2023-02-20T18:43:09Z,2,1,4,1,3,2,3,3,4,5,4,3,4,1,4,1,3,4,3,5,4,3,4,2,3,5,4,4,4,3,4,4,1,3,4,4,1,4,5,2,2,4,3,4,4,4,4,5,4,1,2
4407,2023-02-24T14:41:00Z,2,4,5,4,4,5,3,4,5,5,5,4,5,2,3,2,2,2,5,5,5,3,3,4,4,5,4,4,4,5,5,2,3,1,1,4,3,5,4,4,4,4,2,4,1,5,2,4,5,5,2
4408,2023-02-27T12:27:26Z,4,4,3,3,4,5,5,5,4,1,5,4,4,3,5,3,5,5,5,5,5,3,5,4,4,1,5,4,5,3,4,5,5,4,2,4,4,5,5,5,5,5,4,5,2,5,2,4,4,5,2
4409,2023-02-20T15:58:18Z,3,2,4,2,4,3,2,4,4,3,4,3,4,3,3,3,4,4,3,4,4,3,4,3,3,3,4,2,5,3,4,3,4,3,2,4,3,5,5,3,3,4,3,5,3,4,2,3,4,3,2
4412,2023-02-20T18:10:59Z,3,2,4,1,2,1,3,3,4,2,4,1,3,3,3,3,4,3,3,4,4,2,4,1,2,2,3,4,4,2,4,2,3,2,1,4,3,4,4,1,4,4,3,4,2,4,2,3,3,4,2
4413,2023-02-20T16:02:17Z,3,4,5,2,5,3,4,4,3,4,5,4,3,1,3,2,4,4,4,3,3,2,3,5,5,4,5,3,4,3,4,3,3,4,2,4,1,3,3,3,5,4,4,5,4,3,3,4,4,4,2
4414,2023-11-05T22:13:54Z,4,4,2,4,1,5,5,5,3,4,4,5,1,2,4,2,4,5,3,3,4,1,3,3,4,5,2,2,3,5,5,5,3,3,1,3,4,5,2,5,4,3,3,1,1,4,2,4,4,3,2
4417,2023-02-20T18:30:55Z,4,5,3,2,3,NA,NA,4,4,4,5,4,5,4,4,3,3,4,5,4,NA,3,3,4,4,4,4,3,3,4,NA,3,2,3,2,4,2,3,5,3,3,4,4,4,2,4,3,4,3,4,2
4420,2023-02-20T16:29:23Z,4,2,5,4,2,2,2,4,5,4,3,5,1,3,1,2,2,3,2,3,3,4,1,4,3,4,5,4,5,3,4,1,1,1,1,5,2,5,4,1,1,1,1,3,4,3,4,2,5,4,2
4421,2023-02-21T11:37:10Z,3,4,2,3,3,4,4,3,5,3,5,3,4,4,4,2,4,4,4,5,5,3,3,3,3,4,3,4,3,3,4,4,2,4,1,4,3,4,5,3,2,4,3,3,2,4,2,4,4,3,2
4424,2023-02-21T10:07:29Z,2,4,4,4,4,3,3,4,5,3,5,3,5,5,4,3,4,4,4,4,4,5,4,3,3,3,4,5,4,4,4,3,5,3,2,3,5,4,4,3,3,3,3,4,3,4,2,3,3,3,2
4427,2023-02-20T16:12:25Z,3,1,5,3,2,1,1,4,2,3,4,2,3,4,5,1,3,4,2,1,3,3,2,2,1,3,2,3,4,2,3,1,4,2,3,3,1,5,5,2,1,4,2,4,2,2,2,1,4,4,2
4428,2023-02-20T16:22:41Z,3,5,5,5,4,1,2,4,4,5,4,3,2,5,4,4,3,4,2,4,3,5,5,3,4,4,4,4,5,5,4,1,3,1,1,4,5,5,5,1,3,4,2,5,1,4,1,2,5,3,2
4437,2023-11-03T11:17:06Z,4,2,4,2,2,5,5,2,1,5,4,2,3,3,4,4,2,2,4,5,2,2,2,3,3,4,3,4,3,3,4,3,5,5,5,5,3,4,5,5,3,5,5,2,5,5,4,5,3,3,2
4440,2023-02-20T16:26:29Z,4,NA,1,1,3,4,3,5,5,5,5,5,3,1,4,5,5,3,5,5,3,1,1,1,2,4,5,1,1,4,5,4,1,3,3,5,1,5,5,2,5,3,2,5,3,5,4,5,5,5,2
4442,2023-02-20T18:03:46Z,3,4,3,2,3,1,1,4,3,4,4,4,4,4,3,1,2,3,4,4,3,2,3,4,4,4,4,4,4,4,4,1,2,2,3,4,2,3,4,1,3,4,1,3,2,4,2,4,4,1,2
4443,2023-02-20T16:29:07Z,3,4,4,3,5,3,3,4,3,3,4,4,5,4,4,4,4,4,4,4,4,3,4,4,4,3,4,4,4,4,4,4,4,4,3,4,3,5,4,4,5,4,4,4,4,4,4,4,4,4,2
4444,2023-02-20T16:08:23Z,3,3,4,2,4,3,3,4,3,4,3,4,3,4,4,2,3,4,4,4,4,4,3,4,4,4,4,4,4,3,4,2,3,3,2,4,3,4,4,2,4,4,3,4,2,4,2,3,3,4,2
4445,2023-02-21T12:48:48Z,3,5,2,5,4,4,3,4,5,4,4,2,4,2,4,3,4,4,4,3,5,2,4,2,4,4,5,2,4,5,4,2,2,4,2,4,4,5,4,4,2,4,2,4,4,5,4,4,4,2,2
4447,2023-02-20T20:20:07Z,1,4,1,1,5,5,5,4,4,1,5,3,1,3,5,2,5,5,5,5,5,1,3,2,3,1,3,2,4,3,5,5,2,5,1,5,1,5,5,2,5,5,5,5,1,5,1,5,5,2,2
4450,2023-02-20T16:19:47Z,2,4,1,3,4,5,5,3,5,3,5,3,4,2,3,1,4,3,4,5,4,3,4,1,4,2,5,4,5,3,4,5,3,2,1,4,4,4,5,5,2,5,2,5,1,5,2,5,4,3,2
4454,2023-11-08T10:58:45Z,4,3,4,2,3,2,2,4,3,2,4,3,3,4,3,2,3,4,3,4,3,3,4,3,2,4,3,4,3,2,3,1,4,2,4,2,2,3,4,1,3,3,2,3,2,4,2,3,3,4,2
4457,2023-02-20T16:28:55Z,2,4,3,1,3,4,4,1,2,1,4,4,3,3,4,3,2,3,1,3,4,3,4,3,2,2,1,4,3,3,1,5,2,4,3,4,5,4,5,4,4,3,4,3,1,2,1,4,3,4,2
4458,2023-02-20T16:35:58Z,1,5,2,4,3,4,4,2,4,4,4,2,4,5,3,2,5,3,4,4,5,5,5,1,1,4,3,5,3,4,5,4,4,1,1,3,5,5,4,3,3,3,1,4,1,2,1,2,3,3,2
4460,2023-02-20T16:21:58Z,5,4,3,4,2,1,1,3,4,5,5,3,4,5,1,1,1,1,4,5,3,5,3,3,4,5,4,5,4,4,5,1,4,3,3,4,5,4,5,1,3,4,3,5,4,4,4,5,4,2,2
4461,2023-05-24T13:27:56Z,4,5,5,5,4,2,2,5,3,2,4,4,3,4,3,4,3,4,1,3,3,4,1,5,4,3,4,4,2,5,5,2,1,1,1,2,4,4,4,2,4,3,2,3,1,3,2,4,4,3,2
4462,2023-02-20T17:11:19Z,3,4,5,4,4,2,2,5,4,1,3,4,3,4,5,2,4,5,2,3,4,5,3,2,2,1,4,5,4,3,5,1,4,2,1,1,3,4,2,1,4,3,2,4,1,4,4,4,3,3,2
4469,2023-02-21T13:11:36Z,4,3,2,2,3,2,1,2,1,2,3,4,2,1,3,2,3,3,2,3,4,2,4,2,3,2,2,3,2,3,2,1,2,2,1,1,1,3,3,2,4,3,2,3,2,4,3,2,2,3,2
4470,2023-02-20T16:37:49Z,3,4,4,1,4,2,2,5,1,1,4,3,2,4,5,2,5,5,4,3,3,3,4,3,2,3,3,5,4,2,4,2,2,2,1,4,3,3,4,1,3,3,1,4,1,3,1,4,3,4,2
4473,2023-02-20T17:12:15Z,5,3,4,2,2,4,3,4,3,5,3,2,3,3,3,3,4,4,3,3,2,3,3,1,1,5,4,4,2,2,4,3,2,3,4,5,2,4,4,3,3,4,3,2,4,2,5,5,4,4,2
4474,2023-02-20T17:18:31Z,4,1,4,1,3,3,3,4,4,5,5,2,4,4,3,1,2,3,5,5,4,2,1,3,2,4,3,4,2,2,4,2,1,3,2,5,2,4,5,2,3,4,3,3,3,5,4,5,3,4,2
4477,2023-02-20T16:31:10Z,4,4,2,3,3,2,3,4,5,4,4,2,3,1,5,3,5,5,4,4,5,1,4,3,2,4,3,1,3,3,4,4,1,3,4,4,1,4,5,4,4,4,3,3,4,5,5,5,4,3,2
4478,2023-02-20T16:37:44Z,2,5,4,5,3,1,1,5,2,5,1,5,3,4,1,2,1,3,4,5,4,3,2,5,5,5,5,3,4,5,5,1,1,1,1,5,5,2,5,2,5,5,1,5,1,5,1,5,2,2,2
4480,2023-02-20T16:49:18Z,2,2,4,1,4,3,5,5,3,5,5,3,5,2,4,1,5,2,4,2,3,1,4,4,2,5,5,3,1,4,4,2,1,5,1,4,2,4,4,4,2,NA,NA,3,5,2,5,5,2,5,2
4482,2023-02-20T16:44:27Z,4,2,5,3,5,4,4,4,4,4,4,1,2,1,4,1,4,4,4,4,4,1,4,2,2,4,5,1,4,3,4,1,3,5,3,4,1,5,4,4,1,4,3,5,4,5,5,4,5,2,2
4483,2023-02-20T19:55:29Z,3,4,5,2,4,4,5,4,3,2,4,2,3,5,5,3,5,5,3,4,4,5,5,2,3,2,4,5,4,4,5,4,5,3,1,3,4,5,4,5,4,3,1,3,2,4,4,5,4,3,2
4484,2023-11-19T20:36:07Z,4,5,5,4,4,5,4,4,4,1,4,4,5,2,4,2,5,5,5,4,5,3,4,3,3,1,3,2,3,5,4,4,3,3,1,4,2,4,5,5,5,4,3,4,1,3,1,1,3,4,2
4488,2023-02-20T18:08:51Z,1,1,1,1,1,4,4,5,1,5,4,3,1,1,4,1,1,4,1,3,3,1,1,3,3,5,1,1,1,1,2,4,1,1,5,4,1,1,1,1,3,1,2,1,1,4,1,4,1,3,2
4498,2023-02-20T17:12:42Z,2,3,3,3,3,3,4,3,4,2,3,4,3,1,5,4,4,5,3,4,4,3,4,3,4,2,4,3,4,2,3,4,3,4,2,3,2,4,3,5,4,3,3,3,2,3,3,3,3,4,2
4501,2023-02-21T12:58:49Z,4,2,4,2,2,3,4,3,3,3,4,3,4,2,3,3,4,4,4,4,3,3,4,2,2,4,4,4,4,4,4,4,3,3,3,4,2,4,4,2,4,4,4,4,3,4,4,4,3,4,2
4503,2023-02-20T17:20:09Z,2,4,3,2,5,5,4,3,3,4,4,3,3,3,4,2,4,4,4,4,3,3,4,5,4,4,4,4,3,5,4,4,3,4,1,4,3,5,4,4,4,3,5,4,2,4,1,4,3,3,2
4505,2023-02-20T17:17:01Z,1,5,5,1,3,2,1,3,3,1,3,4,2,5,5,3,5,5,2,3,3,1,5,2,3,1,3,3,4,4,2,5,5,5,1,3,4,4,4,2,1,3,1,4,1,1,1,1,1,3,2
4507,2023-02-20T18:37:40Z,5,5,1,5,1,5,5,5,5,5,5,1,1,5,5,2,5,5,2,2,2,1,2,1,1,5,1,4,1,4,1,5,1,5,5,5,5,5,5,5,5,2,5,2,5,5,5,5,5,4,2
4509,2023-02-20T17:06:00Z,1,3,4,4,5,2,2,4,2,1,4,4,1,NA,1,4,2,3,2,4,4,2,4,5,2,1,4,4,5,4,4,2,4,4,1,5,2,3,4,2,1,5,4,5,1,4,1,4,2,4,2
4510,2023-02-20T17:38:39Z,1,4,5,4,1,4,4,5,5,3,4,5,3,1,5,4,4,5,4,4,5,1,4,2,2,2,4,1,3,3,4,5,2,5,1,2,2,5,4,4,5,4,1,4,1,4,1,3,4,4,2
4513,2023-02-22T15:46:59Z,3,2,4,1,3,4,4,3,4,2,4,4,3,5,4,2,4,4,3,3,5,5,3,3,3,2,3,5,3,4,2,2,3,3,3,4,4,4,4,3,5,3,3,3,2,4,3,3,4,4,2
4519,2023-02-20T18:56:29Z,1,5,4,5,4,2,2,3,4,1,4,3,3,2,5,4,5,5,4,4,5,4,5,4,4,1,3,3,2,4,4,1,5,1,1,4,3,5,5,2,2,4,1,4,1,4,1,2,2,2,2
4524,2023-02-20T18:04:59Z,2,5,4,3,2,4,5,3,3,1,5,4,5,5,5,4,4,4,5,3,4,5,4,2,2,1,3,4,2,4,3,3,5,3,1,3,4,3,5,4,5,3,3,3,2,4,2,3,3,5,2
4527,2023-02-20T17:39:10Z,4,1,4,1,3,1,1,3,4,4,2,3,4,4,3,1,1,4,4,4,4,4,1,3,3,5,4,3,4,1,4,5,1,5,2,3,1,5,5,2,2,4,5,4,4,4,4,5,5,4,2
4534,2023-02-20T18:55:47Z,3,4,5,3,5,5,5,5,3,3,5,4,4,5,5,4,5,5,5,5,5,4,4,4,4,3,4,3,4,4,5,5,5,5,3,5,4,5,5,5,5,5,5,4,4,5,4,4,5,5,2
4539,2023-02-20T21:34:46Z,4,2,5,2,4,4,4,4,4,2,4,4,2,2,5,2,5,5,2,4,3,4,2,3,4,2,4,4,4,2,4,4,2,4,2,3,2,4,4,4,5,4,3,4,3,4,3,5,4,4,2
4540,2023-02-21T13:49:28Z,4,2,3,2,4,4,5,3,4,4,3,4,2,5,4,2,4,4,3,4,4,3,3,4,4,4,4,5,3,4,5,2,4,4,2,4,2,5,4,2,5,4,4,4,2,4,4,5,NA,3,2
4544,2023-02-20T18:11:47Z,3,3,4,4,5,5,4,4,5,1,3,4,4,4,4,2,4,4,5,4,4,1,5,2,5,1,5,1,5,3,3,4,2,1,1,3,4,5,5,5,5,5,1,5,1,3,1,2,3,3,2
4549,2023-02-20T18:42:44Z,2,2,5,1,2,5,4,4,4,2,5,4,5,2,5,4,5,5,5,5,5,1,5,3,5,4,5,2,5,4,5,5,2,5,2,5,4,5,5,4,5,5,5,5,1,5,1,4,5,5,2
4550,2023-02-20T19:14:33Z,3,1,4,1,4,2,1,3,2,4,4,2,2,4,4,1,2,4,4,4,2,2,1,3,4,4,4,4,4,2,5,2,1,1,3,4,1,2,2,1,3,3,1,4,2,4,2,4,3,3,2
4553,2023-02-20T18:56:04Z,2,1,4,1,2,3,3,3,3,2,2,3,1,1,4,2,4,4,4,2,2,4,3,3,2,3,3,4,5,3,4,1,1,2,1,4,1,3,3,3,5,3,1,3,2,2,1,3,2,3,2
4555,2023-02-28T10:18:34Z,3,5,4,4,5,5,5,2,3,1,2,3,4,5,5,3,5,5,5,4,3,5,5,2,3,1,3,5,3,5,5,5,2,5,1,3,5,2,4,5,5,3,5,3,1,2,3,2,1,5,2
4561,2023-02-22T14:55:32Z,3,3,4,2,4,4,3,4,4,4,3,5,2,3,4,2,3,4,1,3,2,4,2,4,4,4,4,3,3,2,3,3,3,2,1,3,1,3,3,3,4,3,1,3,1,3,1,3,3,2,2
4562,2023-02-20T19:34:14Z,4,2,5,1,5,3,4,4,5,4,5,4,3,4,4,4,4,4,4,5,5,4,2,3,2,4,5,4,5,1,5,4,4,2,1,5,1,5,5,1,2,4,1,5,3,5,4,4,4,2,2
4566,2023-02-21T00:09:39Z,2,4,4,4,2,2,2,2,3,1,4,4,4,4,4,4,4,3,4,5,5,2,5,2,5,1,5,1,4,3,4,1,1,1,1,4,1,5,5,1,4,4,1,4,1,4,1,4,4,4,2
4568,2023-02-20T20:37:53Z,1,2,4,2,3,5,1,5,4,1,4,4,1,4,5,4,5,5,3,4,4,4,4,5,4,3,4,5,4,3,4,5,2,1,3,3,3,5,4,4,1,4,2,5,1,4,1,5,5,2,2
4579,2023-05-23T18:48:16Z,5,2,3,1,2,3,4,4,2,5,5,4,2,1,5,3,5,5,4,4,4,3,4,2,4,4,3,4,3,3,4,4,2,4,5,5,2,4,4,2,4,4,3,1,3,4,4,5,3,3,2
4580,2023-02-20T22:50:47Z,4,5,4,4,3,3,3,5,5,3,5,4,4,4,4,3,3,4,4,5,5,3,3,3,2,4,4,3,4,4,4,4,5,4,3,4,4,4,5,2,2,4,4,3,3,4,3,3,4,4,2
4582,2023-02-20T21:51:11Z,4,1,3,2,5,4,3,4,2,4,3,3,4,3,5,2,5,5,4,4,4,2,4,4,4,4,4,2,4,2,1,2,4,3,2,2,1,4,5,3,4,5,4,3,1,2,4,2,3,2,2
4586,2023-02-20T22:02:08Z,3,4,5,3,5,2,1,3,4,2,5,4,4,4,4,3,3,4,5,5,4,2,2,3,4,2,4,2,2,4,4,1,3,1,1,2,2,4,4,3,3,3,1,4,1,4,1,4,2,3,2
4589,2023-02-21T08:55:37Z,NA,NA,NA,NA,NA,NA,NA,NA,NA,NA,NA,NA,NA,NA,NA,NA,NA,NA,NA,NA,NA,NA,NA,NA,NA,NA,NA,NA,NA,NA,NA,NA,NA,NA,NA,NA,NA,NA,NA,NA,NA,NA,NA,NA,NA,NA,NA,NA,NA,NA,2
4596,2023-02-21T01:30:07Z,3,4,4,4,3,1,1,3,3,2,4,5,3,4,4,2,1,3,4,4,2,3,4,4,3,2,3,5,4,4,2,1,3,1,2,3,3,3,4,1,4,4,1,4,1,4,2,4,1,3,2
4599,2023-02-21T03:26:11Z,1,1,3,1,4,4,2,4,4,1,4,2,1,1,5,2,4,4,3,4,2,1,1,1,3,1,4,1,3,2,5,1,1,1,1,2,1,5,5,3,2,2,1,4,1,4,1,5,4,3,2
4600,2023-02-21T03:11:02Z,4,5,4,2,3,3,2,5,5,1,5,4,4,1,4,4,5,4,4,5,5,1,2,4,3,2,4,3,4,3,4,4,1,2,1,2,2,5,5,5,4,4,1,5,2,5,1,4,4,2,2
4603,2023-02-27T16:14:01Z,3,1,4,1,3,1,1,4,4,4,4,2,3,1,1,1,1,1,3,4,3,1,1,2,2,3,4,3,3,1,5,1,1,3,3,4,1,4,3,1,4,4,2,4,3,5,2,5,3,1,2
4610,2023-02-21T11:13:52Z,4,3,4,3,5,2,2,3,4,3,4,5,4,3,4,4,4,4,4,5,5,4,4,4,5,4,5,3,5,3,5,2,3,2,2,4,1,4,4,2,4,5,2,5,2,4,3,3,4,3,2
4612,2023-02-21T09:33:30Z,2,5,3,4,4,2,2,3,3,2,3,3,2,4,4,4,3,2,2,3,4,5,4,3,3,4,4,5,2,4,4,2,5,2,1,3,4,4,4,1,3,4,2,4,1,3,2,4,3,4,2
4615,2023-02-21T09:52:21Z,2,1,4,1,3,3,3,4,2,4,5,5,3,1,3,2,1,3,4,4,2,2,3,5,5,4,2,1,4,1,3,2,1,4,2,4,1,4,4,2,4,4,5,4,1,4,4,5,3,3,2
4616,2023-05-25T16:01:20Z,4,1,5,1,3,2,2,3,4,5,4,2,4,1,3,1,1,2,1,5,1,1,1,5,4,5,4,2,4,1,4,2,1,3,5,5,1,4,4,2,2,4,3,3,4,4,4,5,4,2,2
4620,2023-02-21T10:08:54Z,2,4,4,3,4,3,3,4,2,2,2,5,4,5,4,3,3,3,3,2,4,5,4,4,3,2,3,4,3,3,3,3,3,2,1,3,4,3,2,3,5,3,2,2,1,3,1,2,3,4,2
4625,2023-02-21T10:11:21Z,2,3,5,2,4,2,3,5,4,3,4,4,4,3,3,3,3,3,3,4,4,4,3,3,3,3,4,3,4,3,4,3,2,2,3,3,3,4,4,3,4,4,3,4,3,4,3,3,4,3,2
4632,2023-02-21T15:16:39Z,4,1,3,1,3,3,2,3,4,4,5,2,4,3,3,2,2,3,4,4,3,2,1,2,3,4,3,3,2,2,4,2,1,3,3,5,1,3,5,1,3,4,4,2,2,5,4,5,2,4,2
4634,2023-02-21T15:56:06Z,2,3,4,4,4,3,2,4,3,4,4,5,3,1,5,2,2,4,1,3,4,1,1,4,3,4,4,2,3,4,4,2,2,2,1,4,1,4,4,2,1,3,1,4,2,3,2,4,3,3,2
4638,2023-02-21T11:21:55Z,4,5,4,4,4,3,3,5,5,5,4,2,3,2,3,4,3,4,2,3,3,3,4,2,2,5,5,4,5,4,4,3,5,5,2,4,4,5,4,4,3,3,3,4,5,4,5,5,5,4,2
4639,2023-02-21T13:50:28Z,3,3,4,3,4,1,1,4,3,3,4,3,4,1,1,1,1,1,4,4,4,3,4,3,3,3,4,4,3,3,4,1,1,3,1,3,2,3,3,1,3,3,2,4,1,4,1,4,3,1,2
4640,2023-02-23T21:08:20Z,3,1,4,1,3,1,1,1,4,4,4,1,1,1,3,1,1,3,3,1,3,1,1,1,1,3,3,4,4,1,4,1,1,3,1,4,1,5,4,2,1,3,1,3,1,4,1,4,4,4,2
4641,2023-02-21T11:55:17Z,1,5,4,3,2,4,5,5,5,1,5,3,5,1,3,1,5,5,5,5,3,1,1,2,3,1,3,1,4,4,4,4,1,5,1,4,1,5,5,4,5,3,3,2,2,5,3,3,3,3,2
4643,2023-02-21T12:10:17Z,2,4,4,5,4,1,1,5,5,1,5,4,5,4,5,4,5,5,5,5,5,2,5,2,4,1,4,4,5,5,5,1,4,1,1,4,4,5,4,1,1,5,1,5,1,5,1,1,5,5,2
4651,2023-02-21T14:04:40Z,4,2,5,1,5,3,3,4,4,5,4,3,3,2,4,2,2,4,4,4,4,2,2,3,4,5,4,2,4,2,5,1,2,2,3,4,2,4,4,2,4,4,2,4,3,4,4,4,4,2,2
4655,2023-02-21T15:40:36Z,3,3,5,2,1,3,1,4,1,5,5,3,3,4,3,1,1,3,3,4,5,1,1,5,4,5,3,1,3,2,4,1,3,1,1,4,1,5,4,2,3,2,1,3,1,5,2,3,4,1,2
4656,2023-02-21T15:57:59Z,4,5,5,3,5,4,4,5,4,5,4,5,3,3,5,3,5,5,4,5,5,5,5,4,5,5,5,3,4,5,5,4,3,4,4,5,3,5,4,3,5,5,4,5,4,4,5,4,4,4,2
4659,2023-06-01T14:18:02Z,3,2,5,1,5,3,4,4,2,1,4,5,4,3,5,3,5,5,5,5,5,3,3,4,4,1,5,3,4,4,5,3,4,3,1,4,1,4,5,3,2,5,2,5,1,4,1,4,3,4,2
4662,2023-02-21T19:36:12Z,2,1,5,1,4,1,1,4,1,2,1,3,4,1,2,4,1,1,1,4,2,1,1,3,3,2,2,3,4,2,3,1,1,1,1,3,1,2,2,1,4,2,1,2,1,1,1,1,2,2,2
4663,2023-02-21T19:33:13Z,1,1,4,1,4,3,1,3,1,2,4,4,4,3,5,1,4,3,3,5,3,1,1,5,4,2,4,3,4,1,4,1,1,1,1,5,1,5,4,1,5,4,1,4,1,3,3,2,4,4,2
4665,2023-05-25T13:01:54Z,5,5,3,5,4,3,3,5,1,5,5,2,5,1,3,4,5,5,5,5,5,1,5,4,5,4,4,2,5,5,5,3,3,4,2,5,2,5,5,5,5,5,4,3,4,5,5,3,5,5,2
4669,2023-02-22T15:23:56Z,4,3,4,2,3,3,3,4,2,4,4,4,2,4,4,2,4,4,3,3,2,3,4,4,4,3,3,4,4,3,3,4,4,3,4,4,3,1,3,4,4,4,3,3,3,4,4,4,2,4,2
4671,2023-02-22T11:47:07Z,4,5,5,4,4,4,3,5,2,3,5,3,1,5,4,5,5,5,4,4,4,5,4,2,2,4,4,5,5,5,4,3,4,3,4,4,5,3,4,3,5,2,5,4,5,5,4,5,2,4,2
4672,2023-05-28T19:57:39Z,NA,2,4,1,3,4,4,4,3,4,3,3,3,3,4,2,3,4,3,4,3,2,4,2,3,4,4,3,3,3,5,3,3,3,1,3,2,3,3,3,3,4,2,4,2,3,3,3,3,4,2
4674,2023-02-22T21:00:53Z,1,5,5,1,2,5,4,5,5,4,5,2,5,1,4,1,5,5,5,5,5,1,5,3,2,4,4,2,2,1,5,5,5,2,1,5,3,5,5,5,2,5,2,3,1,5,1,5,5,2,2
4675,2023-05-22T15:10:41Z,4,4,4,3,4,4,3,4,4,1,4,3,3,2,3,2,3,3,3,4,3,2,3,3,4,1,5,2,4,3,4,3,2,3,1,4,3,4,4,3,4,4,1,5,1,4,1,1,3,4,2
4677,2023-02-22T13:40:07Z,3,4,5,5,2,4,4,5,4,4,3,3,4,2,5,3,5,5,5,4,5,1,5,2,3,4,4,2,3,5,4,5,5,4,2,2,2,5,5,5,5,3,3,3,3,4,2,3,3,4,2
4679,2023-02-22T14:10:58Z,4,4,2,4,2,4,2,4,5,3,2,3,3,3,2,2,4,2,4,5,5,5,3,4,3,3,3,5,3,5,3,3,3,3,4,3,5,5,4,3,3,2,NA,2,3,3,5,3,5,3,2
4683,2023-02-22T15:45:03Z,2,2,4,1,4,4,4,4,3,3,3,5,3,3,4,3,4,2,2,3,3,3,1,4,4,5,4,3,3,1,3,3,1,3,1,4,1,4,3,2,2,3,2,3,1,1,5,2,3,3,2
4684,2023-02-22T17:17:24Z,4,2,3,1,2,2,3,4,2,4,4,4,3,2,3,2,2,4,3,4,3,1,2,2,2,4,4,3,2,2,2,3,2,2,1,3,2,3,3,3,3,4,2,4,2,4,2,4,4,4,2
4685,2023-02-23T09:35:41Z,4,4,3,2,3,4,2,3,4,5,3,4,3,4,2,1,1,3,3,4,3,1,2,4,5,5,5,3,4,3,4,3,2,3,4,5,3,4,4,3,2,4,3,4,4,4,5,4,4,3,2
4687,2023-02-23T16:27:13Z,2,4,3,4,3,4,4,4,4,2,3,4,3,3,4,3,4,4,3,3,4,4,5,3,3,2,3,3,3,4,3,4,4,4,3,3,5,4,3,5,4,3,4,3,2,4,3,2,4,4,2
4690,2023-02-22T21:09:46Z,4,1,4,1,3,1,1,4,4,5,5,3,2,1,2,1,1,3,1,3,4,2,2,2,3,4,5,2,2,1,4,1,1,1,1,4,1,4,2,1,3,3,1,4,1,5,1,5,2,1,2
4694,2023-02-23T14:55:54Z,2,3,4,3,3,3,2,4,3,3,3,4,3,4,4,2,2,4,2,3,4,2,3,3,3,4,4,3,3,3,3,2,3,1,1,3,1,3,3,3,4,3,2,4,1,2,2,2,2,2,2
4701,2023-02-23T21:28:09Z,4,5,2,4,4,4,4,5,2,3,4,3,3,2,5,4,4,5,4,3,5,4,5,1,1,3,3,3,4,5,3,5,5,3,2,4,4,5,3,4,5,3,4,4,2,5,5,3,4,5,2
4709,2023-02-24T16:52:47Z,4,2,1,2,1,4,2,3,2,3,4,3,4,2,2,2,2,3,4,4,2,2,2,3,3,4,3,3,3,2,2,2,2,4,4,3,2,4,3,2,2,3,4,2,4,3,4,4,2,2,2
4714,2023-02-25T06:53:04Z,4,2,4,1,2,1,1,2,4,4,4,3,4,2,2,1,1,1,5,5,4,1,4,2,2,4,3,2,4,3,4,2,3,2,2,4,1,5,5,1,3,4,1,3,2,4,2,4,4,2,2
4716,2023-02-25T10:38:22Z,5,4,5,3,4,5,5,4,2,4,4,5,4,3,5,4,5,5,4,4,3,3,4,4,4,4,3,3,3,4,4,5,4,5,3,4,4,4,4,5,5,3,5,4,4,4,3,4,3,5,2
4718,2023-02-25T20:43:39Z,4,5,4,4,4,3,4,4,3,4,2,4,3,4,3,5,3,3,2,2,2,5,4,4,5,4,5,4,4,4,4,2,4,3,3,4,5,5,3,4,4,3,3,4,3,2,2,3,3,4,2
4720,2023-02-26T04:03:32Z,3,3,4,2,5,2,3,4,3,2,4,4,3,2,5,4,5,5,4,4,5,3,4,4,4,3,4,4,3,4,5,2,3,4,3,3,3,3,5,3,4,4,3,4,3,5,2,4,4,4,2
4722,2023-11-28T10:23:22Z,5,4,5,4,5,4,4,5,5,3,5,5,5,5,5,5,2,2,5,5,5,4,4,5,5,4,5,5,5,5,5,4,2,2,4,4,3,5,5,3,5,5,3,5,4,5,5,5,5,5,2
4723,2023-02-28T15:20:26Z,4,3,4,3,3,2,2,5,5,4,5,5,5,1,4,1,4,4,5,4,4,1,4,5,4,4,4,2,4,3,4,3,3,4,4,5,2,5,5,2,4,5,4,4,3,4,4,4,5,5,2
4724,2023-03-08T17:00:33Z,3,2,4,1,4,2,2,3,3,4,5,4,2,5,3,3,2,3,4,3,3,4,2,3,4,5,3,4,4,3,5,2,1,1,2,4,2,5,4,3,2,4,1,4,2,3,1,4,3,4,2
4727,2023-02-27T13:27:27Z,4,3,4,1,4,3,4,4,4,4,4,4,2,3,4,1,4,3,4,5,3,5,2,4,4,4,4,5,5,3,4,3,4,2,2,4,3,4,4,1,3,4,2,4,2,4,2,3,4,4,2
4732,2023-02-28T12:12:20Z,3,1,4,1,4,3,1,3,2,4,3,3,3,1,1,1,1,1,3,3,1,3,1,4,4,4,4,1,3,1,4,2,1,2,3,4,1,3,3,3,3,3,2,4,2,3,3,3,2,1,2
4733,2023-02-28T12:01:34Z,1,2,4,1,4,4,3,4,3,1,4,5,4,3,4,2,5,4,3,4,5,4,5,4,4,1,5,3,4,4,5,2,4,3,1,4,3,4,5,2,4,5,3,5,1,4,1,3,4,4,2
4734,2023-07-10T14:34:42Z,3,4,1,3,4,2,4,3,2,3,4,4,5,5,4,4,4,3,4,3,4,3,4,2,4,4,4,4,4,3,4,4,4,2,2,4,4,4,4,2,4,4,2,2,4,4,4,4,4,3,2
4736,2023-02-28T18:32:05Z,4,2,3,2,3,2,2,3,4,3,3,3,3,3,3,3,3,3,3,3,4,3,2,4,3,3,3,3,2,2,4,2,2,2,2,3,2,4,3,2,2,3,2,3,2,2,2,3,3,2,2
4740,2023-03-02T14:33:57Z,2,3,2,2,3,3,3,3,4,4,3,2,2,2,2,4,3,3,3,4,1,3,3,1,1,4,4,5,2,4,4,2,4,1,1,1,1,4,1,1,4,3,1,4,5,1,1,4,1,1,2
4742,2023-03-03T15:13:28Z,4,2,3,1,3,4,2,5,5,4,4,3,1,1,3,1,2,3,2,4,4,3,5,4,4,4,2,1,4,2,4,1,2,3,4,4,2,5,4,2,1,2,4,1,1,3,1,1,4,1,2
4745,2023-06-08T19:07:03Z,3,3,2,3,3,3,2,3,5,3,5,3,4,3,2,2,2,3,3,4,2,3,2,3,3,3,4,3,3,4,3,2,2,2,3,3,2,5,3,2,2,4,2,4,2,4,3,3,3,2,2
4752,2023-03-10T01:41:14Z,2,2,4,1,5,4,3,5,3,3,4,5,5,2,3,1,5,5,5,5,5,3,5,4,4,2,4,3,4,3,4,1,3,2,1,3,2,4,5,1,2,4,2,4,2,4,1,2,3,3,2
4755,2023-03-13T11:35:35Z,4,3,2,4,4,3,3,4,4,1,5,4,5,2,2,4,5,4,5,5,5,3,5,5,4,1,4,4,3,4,4,4,4,1,4,4,4,5,5,4,5,5,2,4,3,5,4,2,4,3,2
4758,2023-03-19T21:22:24Z,3,4,4,3,3,3,3,4,4,2,4,4,4,5,3,2,3,3,4,4,4,4,4,4,4,2,3,3,3,4,4,4,4,3,2,4,4,4,4,2,2,3,4,3,3,3,3,4,3,2,2
4760,2023-04-06T14:12:55Z,4,1,3,1,1,3,1,4,2,1,3,2,3,1,3,1,1,3,3,3,NA,1,1,NA,2,3,3,1,3,1,3,1,1,1,1,3,1,4,4,3,4,4,1,3,1,2,1,1,2,4,2
4761,2023-03-23T12:24:28Z,5,5,3,3,4,1,1,3,4,4,3,4,4,5,2,2,2,2,3,4,3,5,3,3,4,4,4,5,3,4,5,1,4,3,3,4,5,5,4,1,2,4,2,4,4,3,5,5,5,1,2
4764,2023-04-03T14:49:45Z,4,2,3,1,2,3,2,4,2,5,4,4,2,4,2,1,1,1,3,4,4,4,3,2,4,5,3,2,4,3,5,2,4,2,5,4,1,4,4,2,3,2,3,4,4,3,5,5,2,3,2
4766,2023-04-07T13:03:12Z,4,4,4,4,3,5,5,5,4,1,3,4,2,5,5,4,5,5,4,4,4,5,4,5,5,1,5,3,4,3,4,5,5,5,2,3,4,4,3,5,3,4,4,5,1,3,1,4,5,4,2
4768,2023-04-24T10:49:17Z,4,4,5,2,2,4,4,5,3,4,5,4,4,4,4,4,4,4,4,4,2,4,2,4,4,2,4,5,3,4,4,3,2,2,2,4,2,3,2,4,5,4,2,2,2,3,1,3,2,5,2
4771,2023-05-08T15:03:47Z,3,4,4,3,3,2,2,3,4,4,5,4,5,1,5,3,5,5,4,4,5,1,3,3,4,4,4,1,4,4,4,1,1,2,2,5,1,5,4,1,3,4,1,4,3,5,3,4,5,4,2
4772,2023-05-09T21:40:42Z,3,3,4,2,3,3,3,4,2,3,4,5,5,5,5,4,3,5,4,5,5,3,4,5,5,4,5,4,3,4,4,2,3,3,3,4,4,4,5,2,4,5,3,5,2,3,2,3,3,3,2
4773,2023-05-24T13:13:37Z,4,3,4,2,3,2,2,3,4,4,4,4,3,2,3,2,3,3,3,4,4,2,2,4,4,4,3,2,3,3,3,2,2,2,3,4,2,3,4,2,2,3,2,3,3,4,4,4,4,3,2
4776,2023-06-28T11:40:51Z,4,4,5,3,5,5,5,5,5,5,2,4,4,2,3,2,2,2,4,4,5,1,1,3,5,5,5,1,3,1,4,1,1,2,2,4,1,5,5,1,4,5,2,5,4,4,2,5,4,1,2
4783,2023-08-21T16:26:29Z,1,5,4,5,4,1,1,3,4,1,4,4,5,5,3,4,3,3,4,3,2,4,2,4,4,1,4,4,4,4,2,2,5,1,1,4,4,4,4,2,2,4,1,4,1,4,1,2,4,4,2
4784,2023-06-26T21:29:43Z,4,5,5,4,5,5,4,4,4,4,5,5,5,5,4,3,3,3,5,5,4,3,4,5,5,5,5,4,5,5,5,4,2,3,2,5,5,5,5,4,4,5,4,5,4,5,4,5,5,3,2
4787,2023-06-13T12:45:53Z,4,5,5,3,5,2,2,5,5,5,4,5,5,3,5,2,2,5,5,5,5,5,3,5,5,4,5,5,5,4,5,2,3,3,2,5,3,5,4,4,4,5,2,5,4,5,4,4,5,3,2
4788,2023-06-13T15:57:31Z,4,3,5,1,5,2,1,3,3,2,4,5,4,2,2,3,2,2,4,4,4,1,2,4,4,2,5,1,4,2,3,1,3,2,2,3,2,5,4,2,4,3,2,4,2,4,1,4,5,2,2
4799,2023-06-26T21:39:02Z,2,3,3,2,3,2,2,3,3,1,4,4,4,4,4,1,3,4,4,4,4,5,3,3,4,1,4,5,4,3,5,2,1,1,1,4,4,4,5,2,3,4,1,4,1,5,1,2,4,3,2
4801,2023-07-02T11:50:30Z,5,4,4,1,4,4,3,5,5,3,4,4,3,5,4,4,4,4,4,5,3,3,5,2,4,4,3,4,5,4,5,4,5,2,2,4,4,5,5,5,2,4,3,2,4,4,5,4,4,2,2
4802,2023-11-03T11:10:12Z,2,3,5,2,4,4,4,4,3,3,4,4,2,3,3,3,3,3,4,3,4,2,4,4,3,3,4,2,4,4,3,4,2,4,2,4,2,4,4,4,4,4,4,4,2,3,3,4,3,4,2
4804,2023-07-03T12:48:19Z,3,2,5,1,3,4,3,4,3,4,5,3,4,4,4,3,4,4,4,4,4,2,4,5,4,4,4,2,4,4,2,4,2,4,2,5,2,4,4,4,4,4,4,2,2,4,3,5,4,3,2
4806,2023-07-11T07:43:02Z,3,1,5,1,4,4,5,5,4,1,5,5,5,1,5,4,4,4,4,4,4,1,2,1,3,2,5,2,2,1,4,3,1,4,2,5,1,3,4,3,4,4,4,2,3,4,5,4,4,4,2
4817,2023-08-04T11:16:40Z,4,3,4,1,3,3,4,5,4,3,3,3,3,4,4,4,4,4,4,4,4,4,4,4,4,5,5,5,2,3,3,4,5,5,4,4,4,3,3,4,5,3,4,3,5,4,5,5,3,5,2
4820,2023-08-11T01:25:43Z,2,2,2,2,4,3,4,3,4,2,4,3,4,1,4,4,4,4,4,3,4,1,3,3,3,3,5,3,4,4,4,4,4,4,3,4,2,5,4,4,4,4,3,5,4,5,4,5,5,4,2
4823,2023-08-23T16:53:40Z,5,1,5,1,5,5,1,5,5,5,5,5,5,1,5,5,5,5,5,5,5,1,5,5,5,5,1,5,5,5,5,5,5,5,5,5,5,5,5,5,5,5,1,5,5,5,1,5,5,5,2
4829,2023-08-31T08:01:02Z,3,4,4,3,4,2,2,4,4,3,4,4,4,5,4,3,3,4,4,4,2,4,4,1,3,4,4,4,5,4,5,2,4,2,2,4,3,5,5,2,3,4,2,4,2,4,4,3,4,4,2
4831,2023-09-11T11:41:13Z,1,1,5,1,5,1,1,5,5,5,3,5,4,1,2,1,1,1,1,4,3,1,1,5,5,5,5,1,5,1,4,1,1,1,1,4,1,4,4,1,4,4,1,5,1,3,2,4,4,2,2
4832,2023-09-07T11:28:34Z,5,5,1,1,5,5,1,5,1,1,5,5,1,5,5,5,1,5,1,5,1,5,NA,1,1,1,5,5,5,5,5,5,5,5,5,5,5,5,5,5,5,5,5,5,5,5,5,5,5,5,2
4834,2023-09-11T11:39:09Z,4,3,4,1,4,4,2,4,5,2,4,4,2,4,4,2,4,5,3,4,4,1,1,3,3,4,4,4,3,2,1,3,4,1,1,3,2,4,5,2,4,5,2,4,1,5,1,2,4,2,2
4835,2023-11-03T13:08:26Z,4,5,5,4,3,4,4,5,5,4,2,3,3,4,4,5,4,3,3,4,4,4,5,4,4,3,4,4,4,4,3,4,5,4,5,4,5,2,3,5,4,3,4,4,5,5,4,4,5,4,2
4836,2023-09-11T12:03:23Z,4,2,4,1,3,2,1,4,2,3,3,2,1,5,2,2,1,2,1,3,3,2,1,2,2,4,3,4,4,2,3,2,3,3,4,4,2,5,3,3,1,4,3,2,2,4,4,4,5,2,2
4840,2023-09-11T11:45:52Z,4,4,5,2,2,1,1,4,4,5,5,3,4,5,3,1,1,3,5,5,4,1,1,3,4,5,5,4,5,4,5,1,1,1,4,5,1,5,5,1,3,5,1,5,4,5,4,5,5,3,2
4841,2023-09-11T11:51:41Z,1,2,5,1,3,5,3,5,3,4,5,2,3,2,4,4,2,3,5,5,4,3,3,5,2,5,3,4,5,2,4,4,1,1,1,3,2,5,5,4,5,3,3,4,1,5,1,3,2,5,2
4843,2023-09-11T13:04:29Z,2,5,5,5,5,2,1,2,2,3,4,2,2,1,2,2,1,1,2,1,3,1,1,2,2,2,4,1,5,5,3,1,1,1,1,3,2,5,2,2,3,3,1,4,2,2,2,2,2,2,2
4844,2023-09-11T12:33:31Z,4,2,5,1,3,3,2,3,3,2,4,2,1,4,4,2,2,3,3,3,1,2,2,3,2,3,2,4,2,2,4,4,4,3,4,3,1,4,4,2,1,3,3,3,3,4,3,4,3,2,2
4846,2023-09-12T09:34:59Z,2,4,5,3,3,4,2,4,1,5,1,3,1,1,1,1,1,1,1,1,1,4,1,3,3,4,4,4,3,2,4,2,2,1,1,3,1,5,3,1,1,3,1,3,1,1,1,3,4,1,2
4848,2023-09-11T11:43:52Z,4,2,2,2,2,4,3,4,4,4,4,2,3,3,4,2,3,3,3,3,4,2,2,2,2,4,3,3,3,3,4,3,3,3,4,5,2,5,3,4,3,2,2,4,2,4,4,3,4,4,2
4856,2023-09-11T11:45:50Z,3,3,4,2,3,2,3,2,5,3,5,4,4,1,4,2,5,5,5,4,5,1,2,3,3,3,4,1,3,3,5,2,3,3,2,4,2,5,5,3,3,4,3,4,2,5,2,5,5,3,2
4862,2023-09-11T11:47:40Z,2,4,1,5,3,3,4,3,3,3,3,3,3,3,3,4,4,3,1,2,3,4,4,3,3,3,4,3,3,4,3,4,4,4,5,3,5,3,4,5,4,3,5,3,3,3,3,3,5,4,2
4865,2023-09-11T19:14:35Z,4,3,5,2,4,3,4,5,4,3,5,3,4,4,2,3,2,4,5,3,3,2,2,3,3,4,4,4,3,4,4,2,1,2,3,5,3,4,5,2,5,5,3,4,2,5,2,4,2,3,2
4870,2023-09-11T13:26:05Z,1,3,4,4,2,4,4,3,2,1,3,3,2,4,3,4,2,3,2,3,2,4,3,4,4,2,3,4,2,3,2,3,2,2,2,3,3,3,2,4,4,3,3,2,1,3,2,5,3,3,2
4874,2023-09-11T11:51:54Z,4,4,4,3,5,1,1,3,5,4,5,3,1,2,4,5,1,3,4,5,4,4,4,2,5,4,4,4,4,4,4,1,3,2,3,4,3,4,4,1,2,4,3,5,4,4,4,5,4,3,2
4875,2023-09-12T11:39:09Z,3,3,4,2,5,4,4,4,4,4,3,2,2,1,4,1,5,4,2,4,4,4,4,3,3,4,4,2,4,3,3,3,1,1,3,4,2,3,4,4,3,2,2,3,2,4,1,2,3,4,2
4876,2023-09-11T11:44:09Z,3,5,5,1,4,1,1,5,4,1,4,2,3,2,4,1,2,5,3,5,5,3,2,4,3,1,5,2,5,3,5,1,2,1,1,5,1,5,5,1,3,2,1,5,1,4,1,5,4,3,2
4878,2023-09-11T12:17:41Z,2,1,4,1,3,4,1,4,5,3,5,3,4,1,1,2,2,2,4,5,5,1,1,3,3,3,4,2,4,1,5,1,5,1,1,3,1,5,5,2,2,4,1,4,1,5,1,3,4,3,2
4881,2023-09-11T12:00:26Z,4,2,3,1,2,5,5,5,1,4,5,2,3,4,5,2,5,5,2,1,5,2,5,2,2,4,3,3,2,1,5,5,2,5,5,5,2,3,5,1,2,2,5,2,5,5,5,5,2,4,2
4886,2023-09-11T13:24:01Z,4,4,5,2,4,4,3,4,4,3,4,4,4,4,4,4,4,4,4,3,4,4,4,3,4,3,5,4,3,4,4,2,4,3,1,5,4,5,4,2,4,2,2,3,1,3,1,2,4,3,2
4887,2023-09-11T11:54:32Z,2,2,3,2,4,2,4,1,5,1,2,1,1,4,4,2,4,4,4,2,5,3,2,1,3,1,4,4,5,2,2,1,4,1,2,4,3,5,4,1,2,2,1,3,2,3,4,4,4,3,2
4888,2023-11-03T18:42:53Z,4,2,5,1,4,5,5,4,4,3,5,5,2,1,3,1,3,2,5,4,5,1,1,3,4,3,1,2,2,1,4,5,1,4,1,4,1,5,5,5,5,5,2,1,1,5,4,4,4,4,2
4891,2023-09-20T16:50:57Z,2,1,4,1,4,2,2,4,4,3,5,4,2,1,4,1,4,5,2,5,3,2,1,5,5,2,4,3,5,2,2,1,1,1,1,2,1,4,5,1,4,5,2,5,1,4,4,5,2,5,2
4893,2023-09-15T11:57:11Z,1,2,4,2,3,2,2,3,3,4,2,4,3,2,2,3,2,3,2,4,3,3,2,4,4,4,4,3,4,3,4,3,3,4,3,4,2,3,4,3,3,3,2,4,3,3,2,4,3,2,2
4895,2023-09-11T11:48:48Z,3,3,4,2,2,4,5,2,4,4,5,2,3,4,4,1,3,4,4,4,3,2,1,4,3,4,4,3,3,3,4,3,2,4,2,4,3,3,4,4,3,3,4,3,3,4,3,4,3,3,2
4896,2023-09-11T13:23:29Z,3,2,4,1,2,1,3,4,2,5,3,4,2,3,2,1,1,1,2,3,2,2,1,4,5,5,4,3,3,4,4,1,3,3,1,4,1,4,1,2,2,4,1,2,2,3,4,5,2,3,2
4901,2023-09-11T16:40:32Z,3,5,5,5,4,4,3,3,2,2,4,4,4,2,4,3,4,4,5,3,4,2,3,3,4,2,5,4,4,4,5,3,3,2,2,4,2,5,4,3,4,4,2,4,2,5,1,1,3,4,2
4902,2023-09-20T11:10:07Z,4,2,3,1,4,2,2,3,4,4,4,1,4,4,3,1,4,4,4,5,4,3,1,2,3,4,4,3,4,2,5,1,2,1,2,4,1,5,4,2,3,5,2,4,2,4,2,4,3,2,2
4904,2023-09-11T11:44:56Z,1,3,3,4,2,3,3,1,5,4,4,2,2,2,2,3,5,4,1,5,5,1,2,3,2,5,5,4,1,4,4,4,2,3,3,1,1,2,2,2,1,2,4,5,4,5,5,1,4,4,2
4905,2023-09-11T12:13:18Z,4,4,5,3,2,4,4,4,5,5,4,2,2,3,3,5,2,3,2,3,2,4,2,3,2,5,3,3,1,3,4,3,2,4,5,5,2,4,3,2,2,2,4,1,4,3,5,4,3,3,2
4906,2023-09-11T11:48:22Z,1,3,2,3,4,4,5,5,4,3,4,4,4,1,5,2,4,4,3,4,4,2,4,4,5,2,3,3,4,3,3,3,3,4,2,4,2,3,4,4,4,3,5,4,3,3,3,3,3,4,2
4910,2023-09-12T07:40:20Z,4,4,3,2,2,3,4,3,2,4,2,3,2,4,4,3,3,3,3,3,4,5,4,4,3,5,3,5,3,4,3,4,2,3,2,4,5,3,3,3,4,3,4,2,4,2,4,4,4,4,2
4915,2023-09-11T13:04:37Z,2,4,4,2,5,5,5,4,3,4,3,4,3,5,5,5,4,5,3,4,4,5,4,3,4,4,5,5,4,4,5,4,4,5,1,4,3,3,4,4,4,4,5,4,3,3,3,4,3,5,2
4917,2023-09-11T12:34:14Z,2,5,3,2,3,3,2,4,5,3,4,4,5,4,3,2,3,3,5,5,4,3,3,4,3,3,4,2,4,4,2,3,4,2,2,4,2,5,4,2,4,4,2,4,2,4,2,4,5,3,2
4921,2023-09-11T13:15:09Z,5,4,3,1,1,4,4,1,3,5,4,1,2,2,4,4,4,4,4,3,4,4,4,3,2,4,4,2,3,3,4,4,2,4,4,2,2,2,2,4,4,3,4,2,4,4,4,4,3,4,2
4924,2023-09-11T17:59:41Z,4,3,2,1,3,1,2,3,3,2,3,2,3,4,3,3,3,3,3,3,4,4,3,2,2,1,3,4,3,3,3,1,3,3,3,3,4,3,4,1,3,3,3,3,3,3,5,3,3,3,2
4927,2023-09-11T14:28:44Z,4,2,4,1,4,2,4,2,4,4,4,4,2,2,2,1,2,2,4,4,4,2,2,2,4,4,4,2,4,2,4,2,2,3,3,4,2,4,4,2,4,5,3,4,2,4,4,5,4,3,2
4930,2023-09-11T12:03:00Z,2,4,3,3,1,5,5,5,1,1,3,2,4,4,5,1,5,5,5,5,5,1,5,1,3,1,4,1,5,4,2,4,2,5,1,3,4,3,5,5,4,2,5,4,3,3,4,2,3,3,2
4935,2023-09-11T12:13:32Z,1,4,3,2,4,3,3,4,5,4,4,2,3,3,3,3,3,3,3,3,3,3,3,4,2,4,5,3,3,5,3,3,3,3,3,4,3,4,3,3,3,3,3,4,3,4,3,3,3,3,2
4938,2023-09-11T12:10:41Z,3,2,4,3,2,1,2,2,4,5,5,3,2,3,4,2,1,2,2,4,3,2,3,4,5,5,3,3,4,3,4,2,3,4,3,5,3,4,2,1,1,3,5,4,5,4,5,5,4,2,2
4939,2023-09-11T12:38:56Z,1,2,5,3,5,5,5,4,5,5,5,2,4,4,5,2,5,5,4,5,5,3,2,1,3,5,5,4,5,2,4,4,3,5,1,4,2,5,5,4,4,5,5,5,2,4,3,5,4,3,2
4941,2023-09-11T14:15:16Z,2,5,4,3,4,3,3,4,4,4,4,2,2,5,3,3,3,4,3,4,4,4,5,2,2,5,5,4,4,5,5,1,5,2,3,4,4,5,3,3,3,4,3,4,3,4,3,5,5,3,2
4944,2023-09-11T12:13:49Z,2,3,4,4,5,5,2,1,4,4,2,3,1,2,1,2,1,2,2,4,4,2,1,2,3,5,4,3,4,4,5,2,3,1,1,2,4,5,4,3,1,3,1,4,1,2,1,2,4,3,2
4946,2023-09-11T20:47:03Z,3,4,3,3,4,4,2,3,4,2,4,3,3,3,3,2,3,3,4,4,3,4,3,3,4,3,5,4,4,3,4,2,3,2,2,4,3,4,4,2,3,4,2,4,2,4,2,3,3,2,2
4947,2023-09-12T13:26:23Z,4,4,2,4,5,2,3,4,4,4,2,4,2,5,4,2,4,4,2,3,4,4,3,2,4,4,4,4,2,3,4,2,3,2,2,4,2,4,3,2,3,4,2,5,3,2,4,4,4,2,2
4950,2023-09-12T17:04:29Z,2,3,4,1,3,2,1,3,4,1,2,4,4,4,4,2,4,4,4,4,4,4,2,3,3,2,4,5,3,2,4,1,3,1,1,4,1,3,3,2,3,4,1,4,1,3,3,1,4,3,2
4951,2023-09-11T12:27:14Z,2,2,4,2,3,2,3,4,5,5,4,4,4,2,5,2,5,5,4,5,5,1,3,4,3,5,4,1,5,3,5,1,5,2,1,4,2,5,5,2,2,5,2,5,1,5,4,4,5,4,2
4953,2023-09-11T12:47:29Z,3,4,5,4,3,2,1,5,3,4,5,4,2,4,1,1,3,2,1,3,3,3,3,4,4,4,5,3,3,3,5,1,1,1,1,3,1,3,3,1,2,4,1,5,1,4,1,4,3,3,2
4954,2023-09-11T12:59:47Z,3,5,4,2,4,3,1,4,4,2,4,5,5,2,4,1,2,3,4,4,4,1,1,5,5,4,3,1,3,5,4,1,3,2,1,5,1,5,4,1,3,5,1,3,2,4,2,4,5,2,2
4956,2023-09-11T12:21:50Z,2,3,1,2,3,1,1,2,5,4,4,3,5,4,2,1,1,1,3,5,4,2,2,5,5,4,4,2,4,2,5,1,2,1,1,4,3,5,5,1,2,3,1,3,1,5,3,4,4,2,2
4958,2023-09-30T17:49:00Z,3,4,4,1,3,4,3,5,2,3,3,4,4,3,4,3,4,5,2,4,4,2,5,3,3,2,3,3,3,4,3,2,1,2,1,3,1,3,4,4,5,4,2,3,1,4,2,3,2,3,2
4962,2023-09-11T12:39:59Z,1,3,5,3,4,2,2,5,1,1,5,4,4,1,5,5,5,5,5,4,5,1,1,1,1,1,3,1,4,2,1,1,3,1,1,3,1,3,4,1,5,4,1,3,1,3,1,1,3,5,2
4963,2023-09-11T13:08:11Z,3,4,5,2,4,5,5,5,2,2,3,4,1,4,2,3,5,4,3,4,1,4,2,4,4,5,5,4,2,3,2,5,4,2,1,4,4,4,4,5,5,5,4,2,2,4,2,5,3,4,2
4964,2023-09-11T15:06:08Z,4,2,5,2,4,3,4,5,5,4,5,5,4,5,3,3,4,5,4,5,5,3,NA,5,5,4,4,5,5,4,4,3,5,2,2,4,4,5,5,3,5,5,2,5,3,5,4,4,3,4,2
4968,2023-09-11T13:02:18Z,4,2,5,1,2,2,2,3,4,5,5,2,2,2,1,1,1,1,3,4,2,1,1,2,2,4,3,3,2,1,2,1,1,2,4,5,1,4,4,1,2,3,2,3,3,4,4,4,4,2,2
4973,2023-09-11T14:54:02Z,1,2,5,2,4,2,2,4,4,3,4,3,3,1,3,1,4,4,4,4,4,2,2,2,4,3,4,2,4,4,3,2,2,3,1,4,NA,5,5,2,3,4,2,4,1,4,2,4,5,3,2
4974,2023-09-11T12:51:07Z,4,3,5,2,3,5,5,4,1,1,4,4,3,3,5,1,4,4,2,4,4,2,2,4,4,2,4,2,3,2,4,5,3,5,2,2,2,1,3,5,5,3,4,3,4,4,4,4,3,4,2
4976,2023-09-11T14:10:21Z,3,2,4,2,4,5,3,2,5,4,2,2,1,1,2,1,3,2,2,4,2,3,1,4,2,5,3,4,2,1,3,2,2,4,3,4,2,4,2,1,2,3,2,4,3,3,4,3,4,3,2
4978,2023-09-11T12:47:14Z,4,4,5,3,4,5,5,5,5,4,5,5,5,2,5,4,5,5,4,4,5,1,4,5,5,4,5,2,4,5,4,5,2,4,1,5,1,5,5,5,5,5,5,5,4,5,4,5,5,5,2
4986,2023-09-11T13:09:36Z,3,1,5,1,4,3,2,2,4,3,4,4,2,1,1,2,1,2,3,3,1,3,1,2,2,4,3,5,4,1,5,1,2,2,4,4,1,5,4,1,2,3,1,4,2,1,4,4,5,4,2
4987,2023-09-11T12:54:41Z,3,2,4,2,2,1,1,3,3,3,4,3,3,4,4,3,4,3,4,4,3,3,4,4,4,3,3,5,3,4,4,2,1,1,1,3,3,3,4,1,4,3,1,3,1,4,1,3,3,4,2
4988,2023-11-03T14:45:16Z,4,1,4,1,4,5,5,4,1,4,2,3,2,1,3,3,2,4,1,4,2,1,2,4,4,5,3,4,4,1,4,5,4,4,5,5,1,1,3,5,4,3,4,4,4,2,4,4,2,2,2
4990,2023-10-10T08:55:26Z,5,4,3,3,4,5,5,1,4,5,5,1,3,5,5,4,5,5,4,4,5,5,5,1,1,5,4,4,3,4,3,3,1,4,4,5,5,5,4,4,3,2,4,3,4,4,5,3,4,4,2
4991,2023-09-11T14:08:59Z,4,3,5,4,4,1,4,5,4,1,4,3,3,1,2,4,2,3,3,4,2,4,4,3,3,2,4,4,3,4,3,4,3,4,4,2,5,4,3,4,1,2,4,3,4,4,2,3,5,4,2
4992,2023-09-11T13:14:25Z,5,2,1,4,3,5,3,4,4,5,3,4,1,5,4,5,4,4,2,4,4,3,2,2,3,5,5,5,3,4,5,1,1,5,5,5,4,5,5,2,1,5,2,5,4,2,5,5,4,2,2
4994,2023-09-11T13:31:01Z,2,2,1,1,4,2,1,3,4,5,2,4,1,1,2,1,1,1,4,4,1,1,4,4,4,5,3,3,5,1,2,2,1,5,1,4,1,4,4,2,1,4,4,3,5,3,5,5,4,1,2
4996,2023-09-11T13:30:11Z,4,3,4,2,3,4,4,4,1,3,3,4,4,1,4,4,2,4,2,2,4,2,3,4,2,4,4,3,1,3,4,1,2,4,4,4,1,2,2,1,4,2,4,2,1,3,2,4,2,3,2
5000,2023-09-11T13:40:17Z,1,5,3,5,3,2,2,3,1,1,4,5,5,5,4,4,4,3,5,5,5,5,5,3,2,1,3,5,3,5,4,2,5,1,1,2,5,3,5,3,3,3,2,3,1,4,1,1,3,2,2
5002,2023-09-11T16:12:20Z,4,2,5,1,4,2,1,4,5,4,4,5,2,5,2,1,1,4,2,4,2,1,2,4,4,4,5,4,2,1,4,1,1,1,3,4,1,5,4,1,4,5,2,4,4,5,2,5,4,2,2
5004,2023-09-13T16:47:16Z,1,4,4,2,3,5,4,3,4,1,5,2,5,4,5,3,5,5,5,4,5,4,5,1,1,1,4,5,4,5,5,5,4,2,1,3,3,5,5,4,5,4,2,4,1,5,1,2,4,4,2
5006,2023-09-11T13:38:27Z,3,2,5,1,2,5,3,4,5,5,5,3,5,2,5,2,3,4,4,5,5,4,2,3,3,5,5,4,3,2,5,1,4,1,1,4,1,4,5,1,2,3,1,5,1,5,1,5,5,2,2
5007,2023-09-12T07:53:50Z,4,3,4,2,4,2,4,4,5,2,5,1,3,3,4,3,5,4,1,5,5,2,5,1,3,1,5,5,5,3,4,3,4,5,1,4,3,4,5,2,4,3,5,4,2,5,3,2,4,5,2
5008,2023-09-11T13:37:20Z,2,2,4,2,4,2,2,4,4,4,4,4,2,2,2,2,2,3,2,4,5,5,2,4,4,4,4,5,5,3,4,2,4,2,2,4,2,5,4,2,3,4,2,5,2,4,2,4,3,2,2
5009,2023-09-12T12:53:37Z,1,1,5,1,4,3,4,4,5,3,5,4,4,1,4,4,4,5,4,3,4,2,1,2,4,3,4,4,2,1,4,1,1,1,1,4,1,5,3,1,5,5,1,3,1,5,1,2,4,4,2
5010,2023-09-12T20:28:28Z,2,2,3,1,3,4,4,3,4,4,4,3,3,3,4,2,3,4,4,3,4,2,2,4,3,4,4,3,4,2,4,2,1,3,2,4,2,4,3,3,3,4,3,4,2,3,2,4,4,3,2
5012,2023-09-11T14:00:39Z,1,4,5,3,4,5,4,3,1,5,3,4,1,4,4,3,4,4,1,5,3,4,1,4,4,5,4,5,2,2,4,4,3,3,1,5,2,1,5,3,5,3,1,4,2,2,2,4,2,4,2
5014,2023-09-11T13:55:08Z,1,2,5,2,4,2,1,3,5,4,4,4,3,1,2,2,2,2,3,4,3,2,3,4,4,4,4,2,4,3,4,2,4,1,2,4,2,5,4,2,4,4,1,5,1,3,2,5,3,4,2
5015,2023-09-11T13:56:42Z,4,1,4,1,4,4,2,3,3,5,5,2,2,1,3,1,1,2,3,3,3,2,1,3,2,4,4,1,5,1,4,1,1,1,1,5,1,5,5,2,2,4,1,4,1,3,5,4,4,2,2
5016,2023-09-11T14:58:03Z,2,2,4,1,3,3,2,3,4,4,5,4,3,1,3,1,3,4,3,5,4,2,1,3,3,4,5,3,4,3,4,3,2,2,1,4,2,5,4,2,4,4,1,4,1,4,1,5,4,4,2
5017,2023-09-12T13:35:32Z,4,4,4,3,4,3,3,4,2,3,5,5,4,2,3,3,2,3,4,5,4,1,4,4,5,4,4,1,3,3,2,2,5,2,2,4,2,4,5,3,3,4,3,4,2,5,3,5,4,2,2
5018,2023-09-11T14:59:51Z,4,4,2,3,2,2,2,3,4,4,4,4,3,3,3,1,3,2,4,4,4,2,3,3,3,4,3,2,3,4,4,3,4,1,4,4,1,4,4,3,2,4,1,4,1,4,2,4,4,3,2
5021,2023-09-11T17:03:13Z,3,5,5,2,4,5,3,2,4,1,2,3,2,4,4,5,2,2,2,3,1,4,4,4,3,1,4,3,4,5,5,4,5,4,2,3,4,4,2,4,3,2,3,4,2,1,2,3,1,3,2
5022,2023-09-11T14:09:50Z,3,2,5,2,5,4,4,4,3,2,5,3,2,2,4,2,4,5,5,5,5,2,2,4,3,2,5,3,4,4,4,4,2,4,1,5,1,5,5,5,5,5,2,5,2,5,2,4,4,3,2
5023,2023-09-11T15:48:19Z,1,1,1,1,3,2,2,3,3,4,4,3,4,1,3,1,4,3,4,4,4,1,3,3,3,4,3,2,2,1,3,2,1,1,2,5,1,2,4,2,3,4,3,3,1,3,1,2,3,2,2
5024,2023-09-11T17:32:37Z,1,4,5,2,4,5,2,5,4,2,4,4,4,5,5,2,1,5,4,4,3,5,2,5,4,1,4,3,4,4,4,1,4,1,1,2,4,5,5,1,4,4,2,5,1,4,1,4,3,4,2
5025,2023-09-11T14:11:55Z,5,2,2,2,3,4,2,2,5,5,5,3,4,1,3,2,2,4,5,5,4,1,1,2,2,5,4,2,2,1,4,1,2,2,5,5,2,5,5,2,2,4,1,2,3,4,4,5,5,2,2
5027,2023-11-03T15:26:43Z,3,2,4,3,3,4,3,4,5,4,3,3,4,4,4,2,4,4,4,4,5,4,2,3,4,4,5,5,3,3,3,4,1,4,3,4,4,4,5,4,4,4,4,3,4,4,4,5,4,5,2
5028,2023-09-11T14:40:37Z,4,5,5,5,4,5,5,5,5,4,5,4,5,3,5,2,5,5,5,4,4,1,4,4,4,3,4,2,5,5,5,5,5,4,2,5,4,5,5,2,3,5,4,4,2,4,4,4,5,5,2
5030,2023-09-25T20:34:08Z,2,4,4,3,3,4,4,4,4,1,5,4,4,5,3,4,5,3,5,4,5,3,4,3,3,2,4,4,3,2,4,3,5,4,2,5,4,4,5,4,3,3,4,3,2,5,1,3,5,4,2
5031,2023-09-11T15:13:14Z,4,5,3,5,4,4,4,5,3,3,2,4,3,3,3,2,3,3,2,3,3,2,4,1,4,2,5,2,4,5,5,1,3,3,2,4,4,4,3,4,3,4,3,5,2,3,4,3,4,3,2
5036,2023-09-11T15:31:37Z,3,3,2,2,4,1,1,4,4,3,4,3,4,2,2,2,2,3,5,5,4,1,3,5,4,3,4,2,5,3,4,1,4,1,4,4,1,5,5,1,3,4,1,5,2,5,1,2,4,2,2
5037,2023-10-04T17:20:50Z,2,4,4,3,4,3,3,4,4,3,4,4,3,4,4,3,3,3,4,4,4,4,3,4,4,2,3,4,4,2,3,2,4,2,1,4,2,4,4,3,5,4,2,4,2,2,2,3,4,4,2
5039,2023-09-11T15:28:01Z,3,5,5,5,5,5,3,5,3,5,5,5,5,3,5,3,5,5,5,4,4,5,5,4,5,5,5,5,5,5,5,3,NA,3,3,5,5,5,4,3,4,5,3,5,3,5,5,5,5,3,2
5044,2023-09-11T18:45:14Z,3,2,4,2,3,2,2,4,4,2,4,4,2,1,3,1,3,3,4,5,4,1,2,5,4,2,4,2,4,2,4,2,1,4,1,4,1,3,4,2,2,4,4,4,2,5,4,4,4,5,2
5045,2023-09-11T16:28:17Z,3,4,5,2,5,4,1,4,2,3,4,3,4,3,3,3,4,4,4,3,4,3,3,2,3,1,5,3,4,4,4,2,4,1,1,4,2,4,4,2,4,5,1,5,2,3,4,3,2,3,2
5046,2023-09-11T17:28:34Z,3,3,4,2,3,4,3,4,2,4,4,2,2,3,3,2,2,3,2,3,2,2,2,3,3,4,4,3,3,2,3,3,3,2,1,4,2,4,4,2,3,4,2,4,2,4,2,2,2,2,2
5048,2023-09-11T15:52:23Z,2,5,4,4,3,4,5,3,2,4,4,3,4,5,5,3,5,5,4,3,4,4,3,3,3,4,4,3,4,3,4,5,4,4,2,3,4,4,4,5,3,3,4,4,2,4,2,4,4,3,2
5050,2023-09-11T16:59:49Z,1,5,5,5,4,3,2,2,2,1,1,2,1,4,3,5,1,4,1,1,1,1,1,4,2,1,4,3,2,5,3,4,2,2,1,4,2,4,2,2,3,3,1,4,1,1,1,2,2,5,2
5058,2023-09-11T17:33:26Z,2,5,3,5,4,3,2,3,4,4,3,2,3,4,3,3,4,4,3,3,5,3,3,4,4,4,4,4,4,5,3,3,3,2,2,4,4,3,4,1,4,4,2,5,1,3,2,5,3,3,2
5059,2023-09-15T13:38:19Z,4,3,4,1,2,4,3,5,3,3,4,3,2,2,5,3,5,5,3,2,3,4,5,4,3,3,2,4,2,4,4,5,4,3,3,4,4,3,4,3,5,3,2,3,2,5,4,4,3,4,2
5061,2023-09-11T17:05:35Z,3,4,5,4,5,2,3,5,3,3,5,4,3,1,4,3,5,4,3,4,5,3,5,3,4,3,5,4,4,4,4,1,4,1,NA,3,3,4,5,3,3,3,1,4,1,4,1,3,4,3,2
5063,2023-09-11T17:36:18Z,1,4,3,1,4,2,4,3,4,3,4,5,4,2,3,1,5,4,5,5,5,2,5,4,4,3,3,2,1,4,5,1,3,3,1,2,4,4,5,2,5,4,1,1,1,5,1,3,4,4,2
5066,2023-09-11T17:58:21Z,3,1,4,2,2,2,2,4,3,4,3,4,3,3,2,1,2,2,2,3,3,4,2,3,3,4,4,4,3,3,4,2,3,2,3,3,3,2,3,2,3,3,2,3,2,3,2,3,2,3,2
5067,2023-09-11T17:28:08Z,3,5,4,4,4,2,4,3,3,5,4,2,2,2,3,3,4,3,4,5,4,4,4,2,2,5,5,5,5,4,4,3,3,3,3,5,5,4,5,3,4,4,3,4,3,4,4,4,4,3,2
5070,2023-09-11T17:53:23Z,3,2,1,2,3,4,2,3,5,2,4,4,3,4,3,3,3,3,3,4,2,2,1,3,4,2,3,2,5,2,4,2,2,2,2,3,2,5,5,3,2,4,2,4,2,4,4,5,4,2,2
5071,2023-09-11T17:55:55Z,5,1,2,1,4,1,2,5,5,5,5,4,3,1,1,2,1,1,2,3,2,1,1,4,5,5,5,3,5,2,5,1,2,3,4,5,1,5,5,1,2,5,4,5,5,5,5,5,5,3,2
5075,2023-09-11T18:32:17Z,5,4,4,3,3,2,2,4,4,5,5,4,2,3,3,4,3,2,4,4,4,3,3,4,4,5,5,2,4,3,5,3,4,5,5,5,3,4,4,3,3,4,5,3,5,4,5,5,4,3,2
5076,2023-09-11T18:37:13Z,3,1,4,1,3,2,1,3,3,1,4,3,3,1,4,1,1,2,2,4,4,1,1,3,3,2,4,4,4,1,4,1,1,1,1,3,1,4,4,1,3,4,1,3,1,4,1,4,3,1,2
5077,2023-09-11T22:28:04Z,4,4,5,3,2,1,1,4,3,3,4,5,3,2,3,2,1,2,4,4,5,3,3,5,4,1,3,1,2,3,4,1,2,1,1,2,1,5,5,1,1,5,1,2,1,3,1,3,4,2,2
5078,2023-09-12T22:27:51Z,2,4,5,4,3,2,4,4,4,5,3,3,2,3,4,3,4,3,2,3,3,3,4,3,3,4,4,4,3,4,4,3,3,2,2,3,4,2,3,3,2,3,2,3,2,2,4,3,2,3,2
5082,2023-09-11T20:30:55Z,2,5,5,5,5,5,4,5,3,3,3,4,3,5,5,2,3,5,2,2,4,4,5,4,3,2,5,5,4,5,5,2,5,1,1,4,2,3,4,2,5,4,1,5,1,3,1,4,3,3,2
5083,2023-09-11T20:59:14Z,5,2,4,1,3,4,5,4,3,3,2,4,2,1,4,2,4,4,1,4,4,1,1,5,4,4,4,4,5,4,4,3,1,5,4,4,1,4,4,4,2,4,5,2,5,2,5,4,2,2,2
5088,2023-09-12T23:01:23Z,3,5,4,4,3,3,2,4,4,3,4,3,5,4,4,2,4,4,5,5,5,4,5,1,1,4,3,5,4,5,4,2,5,1,2,4,4,5,5,2,4,4,1,3,1,3,1,2,4,4,2
5092,2023-09-12T06:35:34Z,2,4,4,3,4,1,1,4,3,1,3,4,3,1,3,1,3,3,3,3,4,1,3,3,3,1,4,1,3,3,5,1,3,1,1,3,1,3,3,1,4,3,1,3,1,3,1,1,3,3,2
5093,2023-09-12T08:19:25Z,2,2,4,2,4,4,2,4,3,5,4,4,3,1,4,1,3,4,4,NA,5,3,1,5,4,5,4,3,3,1,4,1,1,3,2,5,1,5,5,1,4,5,1,4,1,4,3,5,5,4,2
5095,2023-09-21T09:06:15Z,3,4,3,3,5,5,4,5,4,4,5,5,4,3,4,4,4,4,4,5,4,3,3,3,3,4,5,2,4,3,5,4,2,4,2,5,3,5,5,4,5,4,3,4,2,5,5,5,5,5,2
5097,2023-11-05T20:09:54Z,4,2,5,2,3,4,4,5,4,4,5,5,5,5,5,5,4,5,3,5,4,3,5,2,3,4,4,5,3,3,4,3,3,2,1,5,3,5,5,3,5,3,1,3,1,3,2,4,3,4,2
5100,2023-09-12T09:48:21Z,5,3,5,2,3,1,1,4,4,2,5,4,4,4,5,4,5,5,2,5,5,2,4,4,4,2,5,3,4,5,4,1,4,5,2,5,4,4,5,2,1,3,2,3,3,5,5,5,4,5,2
5102,2023-09-12T22:13:49Z,1,1,4,1,5,1,2,4,4,4,4,4,5,3,3,2,2,3,3,3,4,3,2,4,5,4,5,3,4,2,4,1,2,1,1,4,1,5,4,1,4,4,1,5,1,3,1,2,3,3,2
5106,2023-09-12T12:17:56Z,5,2,3,1,3,2,2,1,1,5,2,4,1,3,4,1,2,4,3,4,4,2,1,3,3,5,3,3,3,2,4,2,1,3,3,4,1,3,3,1,3,4,4,4,3,4,5,3,2,4,2
5107,2023-09-12T18:03:37Z,4,5,4,5,3,4,3,4,4,3,4,3,2,5,4,1,4,4,3,2,4,5,4,4,4,4,3,5,4,4,5,3,5,3,1,3,5,4,4,4,2,4,1,3,2,3,4,3,2,1,2
5108,2023-09-12T12:48:22Z,1,1,4,1,4,2,1,4,3,3,4,4,2,1,1,3,1,1,3,1,1,1,1,4,3,3,4,1,4,2,5,1,2,1,1,4,1,4,3,1,3,3,2,4,1,3,1,1,3,1,2
5111,2023-09-12T13:17:48Z,3,2,4,2,3,4,2,2,4,5,5,3,3,4,3,3,2,3,4,5,4,2,2,3,2,4,5,4,4,2,5,1,2,3,4,4,2,4,3,3,4,4,3,4,4,4,4,5,3,3,2
5113,2023-09-19T12:48:29Z,2,3,4,1,5,1,1,5,4,1,4,5,4,3,5,2,5,5,4,3,4,2,4,4,4,1,5,4,5,3,4,1,3,1,1,4,2,4,3,1,4,4,1,5,1,3,1,2,2,4,2
5116,2023-09-15T16:58:24Z,2,1,3,1,4,2,1,5,2,2,5,4,4,1,4,1,1,4,4,4,2,1,1,4,4,2,4,1,4,1,5,2,1,2,3,4,1,4,4,1,2,4,1,4,1,4,1,4,2,3,2
5119,2023-11-06T12:53:22Z,1,4,3,4,3,2,2,3,2,1,2,4,3,4,2,3,2,2,2,3,3,3,3,4,3,2,4,3,3,3,4,2,3,2,1,4,3,3,3,3,4,3,2,4,1,3,1,3,3,3,2
5125,2023-11-03T11:08:18Z,5,3,4,2,5,2,2,5,5,5,5,4,4,1,4,1,2,4,5,5,4,1,2,3,3,5,5,1,4,2,4,1,5,2,5,5,2,5,5,3,2,5,3,4,3,5,4,4,5,3,2
5126,2023-09-12T20:21:23Z,3,4,5,3,5,4,4,5,5,3,4,5,5,4,5,4,4,5,5,5,5,5,4,4,4,3,4,3,4,3,4,4,4,3,3,4,3,5,5,4,5,5,4,4,4,4,4,2,4,4,2
5127,2023-09-12T22:12:46Z,1,4,2,4,3,4,4,5,4,4,4,3,5,5,2,4,5,4,5,4,5,5,5,5,4,4,4,5,4,4,5,3,4,3,1,3,4,5,4,1,3,3,2,4,1,4,1,1,4,4,2
5134,2023-11-13T20:09:49Z,4,3,3,2,3,4,4,4,4,4,3,3,3,3,4,3,4,4,3,4,4,4,2,3,3,4,4,4,3,3,3,4,3,4,4,4,3,4,4,3,3,3,4,3,5,4,4,4,4,4,2
5135,2023-09-14T19:57:33Z,4,5,4,3,3,2,1,3,4,3,5,3,4,1,2,2,2,3,4,4,4,2,2,4,4,3,3,2,2,3,4,1,2,2,2,4,2,4,4,1,2,4,2,2,2,4,4,5,3,2,2
5137,2023-09-13T12:28:26Z,3,5,4,5,4,2,1,4,1,4,1,5,2,3,5,3,1,2,2,3,2,3,2,5,5,4,4,3,4,4,3,1,1,1,1,3,3,2,3,2,3,4,1,5,1,2,2,3,2,1,2
5140,2023-09-13T13:00:25Z,3,4,5,2,4,4,5,4,2,2,5,3,5,1,4,1,2,3,5,4,4,5,4,3,4,3,5,5,4,2,4,2,2,3,2,4,1,5,4,1,5,4,1,5,3,5,3,4,4,3,2
5141,2023-09-13T14:17:04Z,3,2,4,1,4,2,2,4,4,1,2,3,2,3,3,1,3,2,3,4,4,3,4,4,4,2,4,4,4,3,4,2,3,1,1,3,1,4,4,3,3,3,1,4,1,3,1,4,3,2,2
5142,2023-09-13T14:16:36Z,3,4,5,3,4,2,2,4,3,1,4,2,3,3,4,2,4,4,4,4,4,2,4,3,1,1,4,4,3,4,2,2,3,3,2,3,3,5,5,2,3,3,2,4,1,5,2,2,4,4,2
5144,2023-09-20T18:15:37Z,4,4,4,3,5,4,3,4,3,4,4,4,4,4,4,3,4,4,4,4,3,4,3,3,4,4,4,3,4,4,3,3,4,3,3,5,3,4,4,3,4,4,3,4,3,4,3,4,4,3,2
5146,2023-09-13T18:26:32Z,3,4,5,4,5,5,4,5,4,5,3,4,3,4,3,3,4,4,4,5,5,2,4,3,4,5,4,3,4,4,5,5,2,2,2,5,1,4,5,4,5,4,1,4,4,4,5,4,4,2,2
5147,2023-09-18T11:49:50Z,4,3,3,3,1,3,1,4,2,3,2,3,3,4,3,2,1,2,3,4,4,3,1,2,3,4,4,4,2,3,3,1,3,3,3,3,1,2,3,3,4,3,4,4,4,2,4,3,4,4,2
5151,2023-09-13T22:53:47Z,4,4,4,3,2,2,4,4,4,3,3,4,3,4,4,5,2,4,2,3,1,1,1,2,4,4,4,4,4,4,4,2,4,2,1,4,1,4,2,1,2,3,4,5,1,2,1,1,4,3,2
5152,2023-09-13T22:58:59Z,1,3,4,2,3,5,5,4,2,1,4,4,4,5,4,2,5,3,4,4,3,5,4,3,3,3,4,4,3,4,4,3,3,5,1,3,4,4,4,1,5,4,5,3,2,4,4,4,3,5,2
5154,2023-09-18T14:04:39Z,3,3,4,2,3,4,3,5,5,1,5,5,4,3,4,2,5,4,4,5,5,2,3,4,4,2,3,2,4,1,3,2,3,2,1,4,2,4,5,3,2,4,1,3,2,4,2,2,4,3,2
5155,2023-09-14T08:52:12Z,4,5,4,3,3,3,4,4,3,3,3,3,5,4,4,5,4,5,4,3,3,4,4,3,3,3,3,3,2,4,3,2,5,3,3,3,5,3,4,3,4,3,3,2,2,3,2,2,2,4,2
5157,2023-09-14T15:25:14Z,1,2,2,1,4,3,3,4,5,4,4,5,5,1,4,2,3,3,4,5,5,2,5,5,5,4,4,2,3,4,2,3,1,2,3,4,2,5,5,3,2,4,1,4,2,4,1,1,5,3,2
5159,2023-09-14T19:12:25Z,3,2,4,2,4,3,2,5,3,1,3,3,5,1,5,2,5,5,5,4,4,2,5,5,4,1,5,4,4,4,2,2,4,3,1,4,2,3,4,3,4,4,1,5,1,4,1,4,4,4,2
5160,2023-09-14T22:10:50Z,2,2,5,2,5,1,1,4,4,5,4,4,3,2,2,4,2,1,1,4,2,4,1,5,5,5,5,1,4,2,4,1,1,1,1,4,1,4,4,1,2,4,1,5,1,3,1,4,2,2,2
5162,2023-09-15T15:28:30Z,2,5,5,3,4,3,3,5,4,4,4,4,4,4,4,2,4,4,4,4,5,2,5,4,5,4,5,4,5,5,5,3,3,3,3,4,5,5,5,4,4,4,3,5,3,5,3,4,3,4,2
5164,2023-09-15T18:53:31Z,4,1,1,1,1,2,1,1,3,4,3,3,1,1,3,1,2,2,3,3,3,2,2,4,3,4,2,2,1,1,3,1,1,1,3,4,1,4,1,1,1,2,2,1,1,4,1,4,2,1,2
5165,2023-09-15T20:51:20Z,2,2,4,2,4,3,1,2,1,4,4,4,2,5,2,1,1,3,2,4,2,4,1,2,4,4,3,5,2,2,3,1,2,2,1,4,2,4,3,2,3,4,4,4,3,4,2,3,2,2,2
5167,2023-09-16T19:55:31Z,4,2,4,1,4,3,2,5,5,1,3,4,2,5,5,3,1,3,4,4,2,1,3,4,3,3,4,3,5,2,4,2,4,4,3,5,2,4,4,2,4,3,2,4,3,3,4,4,5,4,2
5174,2023-09-18T16:40:11Z,4,3,5,2,5,1,1,5,5,5,5,4,4,1,3,1,1,1,5,5,2,4,1,5,4,4,5,1,5,1,5,1,1,1,4,5,1,5,5,1,1,5,1,5,1,5,2,5,4,1,2
5175,2023-09-18T16:45:52Z,2,4,4,1,1,5,4,4,4,2,2,3,2,2,5,4,4,4,3,4,3,3,3,3,3,3,3,4,4,3,4,5,4,3,2,3,2,5,4,5,5,3,4,3,2,3,2,2,3,4,2
5180,2023-09-18T16:51:57Z,2,4,5,4,4,2,4,5,4,2,4,3,3,4,4,5,5,4,4,2,4,4,4,3,4,3,5,4,3,4,3,4,5,4,4,4,5,4,4,5,4,3,4,4,5,5,5,4,5,4,2
5181,2023-09-18T16:37:09Z,2,4,4,3,4,3,2,4,5,2,4,5,5,3,4,2,3,5,4,4,4,3,3,5,4,2,4,3,3,3,3,2,3,1,1,4,2,5,4,2,3,4,1,4,1,4,1,2,4,3,2
5183,2023-09-18T16:46:16Z,5,3,4,2,5,4,3,4,5,3,5,4,5,4,5,2,4,5,3,5,3,3,2,5,4,3,5,4,5,3,5,3,4,3,2,5,1,5,5,2,4,5,1,5,2,5,2,3,5,5,2
5185,2023-09-18T16:51:44Z,3,1,4,1,3,3,3,4,2,5,3,5,2,2,2,1,2,1,3,3,2,1,1,5,5,5,4,2,1,1,3,1,3,1,2,4,1,4,4,3,2,3,1,2,4,3,5,4,2,2,2
5188,2023-09-18T16:58:01Z,5,5,4,4,4,4,4,4,5,5,4,2,2,5,4,5,4,4,5,2,4,5,4,2,2,5,5,5,4,4,5,5,5,2,5,5,5,5,2,2,4,5,2,5,4,4,4,5,5,5,2
5192,2023-09-18T16:52:00Z,2,5,2,5,2,5,5,3,3,5,2,2,2,3,4,5,5,4,4,3,2,2,5,1,1,5,2,5,1,5,3,5,5,5,5,3,5,3,3,5,3,3,4,3,4,3,4,5,3,5,2
5193,2023-09-19T14:01:32Z,2,4,4,5,4,1,2,4,3,1,4,4,5,4,4,3,4,4,4,4,5,4,5,4,4,2,4,4,4,5,4,2,4,2,1,4,5,4,4,1,3,3,2,4,1,3,3,2,3,5,2
5194,2023-09-18T17:32:27Z,4,3,5,2,4,5,4,1,4,3,2,1,1,5,4,1,3,3,3,2,1,5,3,1,2,3,4,5,3,4,3,5,4,3,4,4,2,5,3,2,4,3,4,4,4,2,4,4,3,4,2
5195,2023-09-19T07:57:36Z,2,5,4,4,3,3,3,4,4,1,5,3,5,4,2,5,3,2,5,4,5,3,5,3,3,3,NA,2,4,5,4,3,5,2,1,4,4,5,5,4,4,5,2,4,1,5,2,2,5,3,2
5196,2023-09-20T16:40:33Z,4,5,2,4,2,4,4,3,4,5,3,3,4,4,4,1,4,4,4,4,5,4,5,3,4,5,2,5,2,5,4,4,2,3,5,4,4,3,4,4,2,3,2,3,3,3,4,4,3,2,2
5204,2023-09-18T17:03:49Z,3,2,4,2,3,3,2,3,4,3,4,4,3,2,4,3,4,4,4,4,4,2,3,3,3,3,3,4,4,4,4,2,4,3,2,4,2,4,4,3,4,4,2,4,2,4,2,2,3,3,2
5214,2023-09-18T17:16:35Z,1,3,3,2,3,3,3,4,4,1,3,4,3,2,5,3,4,4,3,3,4,3,3,4,3,2,3,3,4,3,4,5,3,3,1,3,3,4,4,5,3,3,3,3,2,3,2,3,3,3,2
5216,2023-09-18T17:14:52Z,3,4,5,4,4,3,4,5,3,4,4,4,4,3,4,3,3,3,2,4,4,5,3,4,4,4,4,3,4,4,4,3,3,3,2,4,3,4,4,4,4,5,2,5,2,4,2,4,3,2,2
5217,2023-09-18T17:34:09Z,4,4,5,2,4,5,3,4,4,3,4,4,5,5,4,2,5,4,5,5,4,3,3,5,2,4,5,4,3,4,3,5,3,2,3,4,3,4,5,5,4,5,2,5,1,5,4,3,2,3,2
5225,2023-09-18T17:53:42Z,2,4,3,4,4,2,2,3,4,2,3,3,3,5,3,3,3,3,3,3,3,4,4,2,3,2,4,3,4,4,4,2,4,2,1,3,3,3,3,3,3,3,2,4,1,2,1,3,3,3,2
5229,2023-09-18T18:09:21Z,3,5,3,5,5,4,5,5,5,3,5,5,5,5,5,4,5,5,5,5,5,5,5,5,4,2,4,5,4,5,5,4,5,4,2,4,5,5,5,5,4,4,3,4,3,5,3,4,5,5,2
5230,2023-09-18T17:59:36Z,2,4,5,4,4,1,4,5,4,3,4,5,4,1,4,4,5,5,2,5,5,2,5,3,4,3,4,2,5,4,3,2,4,1,1,3,4,5,5,4,3,4,1,5,1,4,1,4,3,3,2
5232,2023-09-18T18:17:12Z,5,4,4,5,5,2,2,3,3,4,4,3,4,2,2,1,1,2,4,5,4,1,2,4,4,4,5,1,5,4,4,3,1,3,1,3,3,3,5,1,1,4,1,5,4,4,5,5,2,2,2
5238,2023-11-05T19:49:12Z,4,4,5,2,2,5,5,4,2,3,5,1,1,5,4,1,1,5,3,5,1,1,1,2,1,3,1,1,1,4,5,3,2,5,3,2,1,3,2,2,1,2,5,1,5,5,5,4,1,5,2
5242,2023-09-18T20:13:26Z,4,1,3,1,5,2,3,5,4,4,5,5,4,4,4,3,4,5,4,5,2,4,1,5,5,4,5,5,5,2,4,1,3,4,4,5,4,5,5,1,4,5,5,5,4,4,4,5,4,4,2
5243,2023-09-18T20:05:48Z,4,2,2,1,1,4,4,3,5,5,5,2,2,2,1,1,2,2,3,4,4,3,2,4,4,5,4,5,5,2,5,4,2,2,1,5,2,5,4,4,4,4,2,4,1,4,5,5,4,2,2
5244,2023-09-18T20:08:32Z,2,4,3,2,4,5,4,5,3,1,4,4,4,5,5,2,3,4,4,3,4,2,4,4,4,1,4,5,4,4,4,5,5,2,1,4,3,3,4,5,5,4,3,4,2,4,2,2,2,3,2
5249,2023-09-18T21:11:31Z,2,4,3,3,4,4,4,3,4,2,2,3,3,4,4,3,3,4,3,4,3,2,4,2,2,2,4,4,4,4,4,4,4,4,2,2,4,3,4,2,3,3,3,4,4,3,4,4,4,3,2
5254,2023-09-18T21:46:27Z,4,2,4,2,4,3,4,4,2,4,4,4,2,1,3,1,2,3,4,4,3,1,3,4,4,4,4,1,3,2,4,3,1,2,3,4,2,4,4,2,4,3,4,4,4,4,4,4,2,2,2
5256,2023-09-18T22:10:48Z,3,4,4,4,3,2,3,3,5,2,3,5,4,3,4,3,5,5,4,4,5,4,5,3,5,2,4,3,4,5,4,2,3,2,1,4,4,5,5,2,3,4,1,4,2,4,3,5,5,3,2
5257,2023-09-18T22:13:06Z,4,2,4,2,4,5,5,5,5,2,5,4,4,2,4,2,5,3,5,5,5,4,4,4,4,2,4,3,4,4,5,5,4,3,2,4,4,5,5,5,5,5,3,4,2,5,4,2,5,4,2
5267,2023-09-19T08:31:40Z,2,5,5,5,5,3,4,2,5,4,3,3,4,3,5,1,5,5,4,3,5,1,5,3,3,5,5,1,5,4,5,3,3,3,1,5,1,5,4,2,2,4,2,5,2,4,1,5,5,3,2
5269,2023-09-19T08:56:40Z,4,5,2,3,2,4,2,3,4,2,3,2,4,5,4,2,5,4,2,3,4,5,2,2,2,2,4,4,4,4,4,2,5,3,1,3,4,3,4,5,3,3,2,4,1,3,2,4,4,4,2
5272,2023-09-19T10:24:30Z,4,2,4,1,3,2,2,4,3,4,4,4,3,2,3,1,2,3,3,4,4,2,1,4,4,4,3,2,3,2,4,1,1,2,4,4,1,4,4,2,2,4,3,3,2,4,4,4,4,3,2
5273,2023-11-03T12:07:49Z,3,2,4,1,3,1,3,5,3,3,5,4,4,1,4,3,4,3,5,3,3,3,1,2,3,1,4,3,3,1,4,1,2,3,1,4,1,3,5,3,4,4,3,3,2,4,3,4,3,4,2
5276,2023-09-19T14:21:45Z,3,2,4,1,4,4,4,4,5,4,5,3,2,1,1,1,1,2,2,4,4,5,4,5,4,4,4,2,4,2,3,3,1,1,1,4,1,4,4,3,5,4,2,5,1,4,1,4,4,NA,2
5277,2023-09-20T14:13:44Z,4,2,5,1,3,4,4,3,3,5,5,3,3,1,3,3,3,4,2,5,3,1,1,5,5,5,5,2,5,3,4,5,1,5,5,5,1,5,5,2,4,5,5,4,4,2,2,4,3,4,2
5279,2023-09-22T16:04:34Z,2,3,NA,2,4,5,5,4,4,2,4,4,2,4,5,4,4,5,4,3,4,4,2,4,4,2,3,4,3,2,4,5,4,2,2,3,3,3,2,4,4,4,2,2,2,3,2,3,3,2,2
5282,2023-09-22T15:38:21Z,4,2,4,3,4,2,3,5,5,5,4,4,3,1,4,4,4,5,4,5,5,2,2,5,5,5,5,2,4,3,5,2,2,5,5,5,2,5,5,2,1,4,5,5,5,4,5,4,4,4,2
5285,2023-09-19T16:02:15Z,3,4,2,4,5,2,2,4,4,2,3,3,4,4,4,4,4,4,5,2,5,5,3,4,4,2,5,5,5,4,5,1,4,2,1,5,4,5,5,3,5,5,2,5,1,3,2,2,4,2,2
5286,2023-09-21T20:52:00Z,5,2,5,1,2,4,5,4,5,5,5,3,3,2,5,1,5,5,4,2,4,2,4,2,1,4,2,3,1,2,2,5,2,2,3,3,1,5,4,4,4,2,2,2,3,5,4,4,4,3,2
5288,2023-10-23T18:03:14Z,2,3,4,2,4,4,3,4,5,5,4,4,3,3,3,1,2,3,3,4,3,2,2,4,4,5,5,3,3,4,5,3,2,2,1,5,2,5,5,3,5,5,2,3,3,5,5,5,4,3,2
5300,2023-09-21T14:24:55Z,3,4,3,2,3,3,2,4,3,3,4,4,3,4,4,2,4,4,3,3,4,4,4,3,3,3,4,4,3,3,4,4,2,2,3,4,3,3,4,2,4,4,2,4,3,4,3,3,3,4,2
5302,2023-09-22T00:39:12Z,3,4,5,5,4,2,4,4,1,2,5,4,4,4,5,5,5,5,4,3,4,2,5,1,2,3,5,5,4,5,4,3,2,2,1,4,5,3,4,4,4,3,2,5,2,5,2,3,4,5,2
5304,2023-11-04T23:45:41Z,4,4,4,3,4,3,4,4,5,5,4,4,4,4,4,4,4,4,4,4,4,3,4,4,4,5,4,3,4,4,5,4,5,4,3,4,3,4,4,4,4,4,4,4,4,4,4,5,4,4,2
5305,2023-11-09T08:55:54Z,5,4,3,3,2,5,4,3,3,4,4,3,2,4,5,4,4,5,4,4,5,5,3,4,2,5,3,5,3,4,4,3,3,3,5,4,5,3,4,3,2,3,3,2,4,4,5,4,3,4,2
5310,2023-11-06T12:48:43Z,3,4,4,4,4,5,5,4,4,3,3,2,3,5,5,2,2,5,2,4,5,4,3,2,3,3,4,3,4,3,5,4,4,3,3,4,4,3,4,3,3,3,4,4,3,4,4,4,4,3,2
5312,2023-09-22T15:54:52Z,3,1,3,1,4,3,2,2,2,2,3,3,2,1,4,2,2,4,1,2,2,1,1,2,2,3,3,3,5,2,2,1,1,1,3,2,1,3,2,1,1,2,1,5,1,2,2,2,2,2,2
5317,2023-09-22T18:04:08Z,2,4,4,2,5,3,2,5,4,3,4,5,3,4,5,3,3,4,3,5,5,3,3,5,5,3,5,3,5,5,5,1,1,1,1,5,1,5,5,3,4,5,1,5,1,3,1,1,5,3,2
5319,2023-09-24T20:26:18Z,5,5,5,5,5,5,3,5,4,2,3,5,4,3,5,5,5,5,5,5,5,1,5,5,5,1,5,2,5,5,5,2,4,3,2,4,2,3,4,3,5,5,4,5,2,3,2,2,3,5,2
5323,2023-09-25T18:23:03Z,3,2,4,1,2,4,5,4,3,5,4,3,2,2,3,5,2,3,2,3,2,1,4,4,4,5,1,4,2,3,5,5,2,1,5,4,1,3,4,4,4,3,1,3,2,3,1,3,1,4,2
5326,2023-09-25T18:06:03Z,1,2,5,2,5,5,5,5,2,2,3,5,2,4,4,3,4,4,2,4,4,2,3,5,5,3,5,4,4,1,4,4,4,4,1,4,2,4,3,5,4,4,4,4,2,2,2,2,4,5,2
5335,2023-10-02T17:38:41Z,3,5,4,5,5,4,3,4,3,4,4,5,3,5,4,3,4,5,3,4,3,5,3,4,5,4,4,5,5,5,4,4,5,2,2,4,5,4,4,4,4,5,2,5,2,3,3,4,3,4,2
5337,2023-09-25T18:42:54Z,3,5,5,3,4,4,4,4,4,3,4,3,3,3,2,3,3,2,4,3,4,4,5,3,3,3,4,4,4,3,4,3,4,4,3,4,5,4,4,4,4,4,3,4,3,4,3,4,3,4,2
5341,2023-09-25T18:11:09Z,4,2,3,1,2,4,4,3,2,4,4,4,4,2,4,4,3,3,2,4,4,4,5,3,3,3,4,5,3,3,2,4,4,4,1,2,1,4,5,2,4,4,2,4,2,1,4,4,2,3,2
5345,2023-09-27T09:11:18Z,3,3,1,3,5,1,2,3,5,4,3,1,3,3,2,1,1,2,3,2,1,1,3,1,1,4,5,1,4,3,5,1,2,5,4,3,1,5,5,1,3,4,2,5,4,4,3,1,3,2,2
5346,2023-09-25T18:19:47Z,5,2,5,1,1,2,3,2,2,5,3,4,2,3,1,1,1,1,3,3,2,1,1,3,4,5,5,3,2,3,5,2,2,4,4,5,1,3,5,2,3,4,3,3,4,4,5,5,3,3,2
5353,2023-09-25T19:27:37Z,3,4,5,4,NA,NA,5,2,1,2,2,2,3,4,4,4,4,4,4,3,4,2,5,4,4,2,4,5,2,2,4,5,4,3,2,3,4,3,5,4,1,2,5,4,4,2,2,2,1,4,2
5354,2023-09-25T21:18:27Z,1,5,4,4,4,2,2,5,3,1,4,5,4,5,5,1,5,5,5,5,5,5,5,4,4,1,3,5,4,5,5,3,5,2,1,4,4,4,4,2,3,4,2,4,1,5,1,1,4,4,2
5357,2023-09-28T20:51:50Z,2,3,1,3,1,5,3,1,5,5,5,4,4,1,4,1,1,2,4,4,3,4,2,4,3,5,2,5,4,3,4,3,1,2,1,4,3,5,5,5,3,5,3,3,3,4,5,4,3,3,2
5360,2023-09-25T20:29:36Z,3,4,5,4,5,5,5,5,3,4,5,5,4,5,5,4,5,5,5,5,5,1,4,3,5,3,NA,1,4,4,4,5,5,3,4,NA,1,4,4,5,5,5,4,5,1,4,2,5,5,5,2
5362,2023-09-26T13:30:43Z,3,4,5,4,4,5,5,5,3,3,4,3,3,2,4,4,5,4,5,4,3,2,4,3,4,3,5,3,4,3,5,5,4,5,1,4,4,4,4,5,3,3,5,4,4,5,5,5,5,4,2
5369,2023-09-26T14:12:30Z,2,1,4,1,5,1,2,5,4,3,4,4,1,1,2,1,1,3,3,4,2,1,1,2,5,4,5,1,4,1,2,1,1,2,1,4,1,4,2,1,2,5,1,5,1,4,1,4,4,2,2
5371,2023-09-25T23:34:58Z,2,4,4,4,5,4,2,3,2,1,4,5,5,3,3,2,4,4,5,3,5,2,5,4,5,1,3,2,5,5,3,4,3,1,1,2,3,3,5,3,3,5,3,5,1,5,1,4,4,4,2
5374,2023-11-04T19:35:36Z,3,1,3,1,4,5,3,1,3,2,2,1,1,4,4,1,1,3,1,3,4,1,1,2,1,5,2,1,5,5,5,1,1,1,1,4,1,5,5,2,1,2,1,4,1,1,5,2,1,4,2
5377,2023-09-26T04:42:38Z,5,3,4,2,3,3,2,4,3,3,3,4,4,4,3,2,2,3,4,3,2,4,2,5,3,4,4,4,4,3,4,1,2,2,4,4,2,3,4,1,2,3,3,3,3,3,3,3,2,4,2
5380,2023-09-26T07:41:56Z,2,3,4,1,4,2,3,4,2,5,5,4,3,1,3,2,4,5,4,5,4,5,1,2,3,5,5,5,3,1,5,4,1,3,5,5,1,4,5,1,4,5,1,5,3,5,1,5,4,1,2
5382,2023-09-26T08:43:58Z,2,2,4,1,4,3,4,4,4,4,4,3,4,4,3,2,3,3,4,4,4,3,2,3,3,4,4,3,3,3,4,2,3,2,1,4,1,4,4,1,4,5,3,4,1,4,1,4,4,3,2
5383,2023-09-26T09:09:27Z,2,3,3,3,4,5,4,4,5,3,4,5,4,5,5,3,5,5,4,5,5,5,4,4,4,4,4,5,5,4,4,4,4,2,1,4,4,4,4,4,5,4,3,4,2,4,2,2,4,4,2
5388,2023-09-26T08:54:39Z,3,4,5,1,4,4,4,4,3,2,3,4,2,4,4,4,4,4,2,2,2,2,2,5,4,3,5,4,4,4,4,2,3,5,1,3,2,4,4,3,5,4,2,4,3,3,1,4,5,4,2
5398,2023-09-26T11:14:43Z,4,3,3,3,4,4,3,4,5,3,5,4,5,4,5,3,3,4,4,3,3,4,2,2,2,4,4,3,3,3,4,2,4,3,2,4,2,5,4,3,3,4,2,4,4,4,4,4,3,4,2
5399,2023-09-26T10:51:59Z,3,2,4,2,4,2,3,4,5,3,4,3,3,3,3,3,4,4,2,4,4,1,2,4,3,3,3,2,4,3,4,2,2,3,2,4,2,4,4,3,4,3,2,3,2,3,2,3,3,3,2
5401,2023-09-26T16:51:16Z,3,4,4,4,5,5,5,4,3,2,5,4,4,1,4,4,4,4,4,4,4,3,3,3,3,3,4,5,3,4,5,5,4,3,1,3,3,3,3,3,5,4,3,4,2,5,2,4,4,4,2
5402,2023-09-29T16:08:11Z,5,4,5,4,5,5,5,5,5,3,5,4,5,5,5,5,5,5,5,5,5,4,5,5,4,4,5,5,5,5,5,5,5,5,4,5,5,5,5,4,3,4,4,5,3,5,3,4,4,5,2
5404,2023-09-26T13:27:00Z,4,2,5,2,4,1,1,5,2,4,4,4,1,1,4,2,2,4,4,4,2,1,1,5,4,4,3,1,2,1,4,1,1,4,4,4,1,4,2,1,2,4,4,2,4,2,4,4,2,2,2
5405,2023-09-26T16:06:06Z,4,2,4,4,4,2,2,4,2,2,2,4,2,2,2,2,2,2,2,2,2,2,2,3,2,2,4,2,2,2,5,2,2,4,2,5,2,2,2,2,2,4,2,2,4,2,4,4,4,2,2
5407,2023-09-27T15:52:29Z,4,4,4,3,2,3,3,5,4,5,5,4,4,4,3,2,4,4,4,4,4,4,3,5,4,5,5,4,5,4,5,2,3,4,3,4,4,4,4,3,3,3,4,4,4,5,5,5,4,3,2
5411,2023-09-26T18:09:50Z,4,5,3,2,4,5,2,3,1,1,5,2,4,5,4,1,5,4,5,5,5,1,4,2,NA,2,5,1,5,4,5,4,4,3,3,5,3,5,5,5,2,2,2,4,1,5,3,4,5,2,2
5413,2023-09-28T10:18:11Z,4,2,4,2,4,2,2,3,4,4,4,3,3,3,3,1,2,3,4,3,3,2,2,4,3,4,4,3,4,3,4,2,2,3,4,4,2,5,4,2,3,4,2,4,3,4,4,4,3,3,2
5415,2023-09-26T18:46:05Z,3,2,4,4,4,3,3,4,4,4,4,4,3,1,3,3,4,4,5,4,4,1,4,4,4,3,4,3,4,3,4,2,3,2,1,4,1,5,4,2,4,4,2,4,1,4,2,3,4,3,2
5420,2023-09-26T21:55:41Z,NA,NA,NA,NA,NA,NA,NA,NA,NA,NA,NA,NA,NA,NA,NA,NA,NA,NA,NA,NA,NA,NA,NA,NA,NA,NA,NA,NA,NA,NA,NA,NA,NA,NA,NA,NA,NA,NA,NA,NA,NA,NA,NA,NA,NA,NA,NA,NA,NA,NA,2
5421,2023-09-26T22:03:08Z,3,3,3,3,3,4,3,2,4,4,3,4,3,4,3,3,3,3,3,3,4,3,3,4,4,3,3,3,3,3,3,3,3,3,4,4,3,4,4,3,3,3,3,3,3,3,3,3,3,3,2
5426,2023-09-27T18:04:09Z,2,5,5,3,5,2,1,5,5,1,5,4,3,2,4,1,4,4,5,4,5,2,4,4,4,1,4,1,4,3,4,2,1,1,1,4,1,5,5,1,2,5,1,5,1,5,1,3,4,3,2
5431,2023-09-27T15:15:01Z,4,2,3,1,4,3,4,3,2,4,4,4,3,5,5,3,3,4,3,4,4,3,2,4,3,4,4,4,4,2,4,2,5,3,2,4,2,4,4,2,4,4,2,3,2,4,4,4,4,3,2
5436,2023-09-29T13:28:40Z,3,3,5,2,4,2,4,5,4,4,4,4,3,4,2,2,2,2,3,3,4,4,2,3,4,4,4,5,3,1,4,1,5,4,2,4,2,5,4,1,3,4,3,2,4,4,4,3,3,2,2
5437,2023-09-29T13:37:17Z,3,1,5,2,4,3,2,3,4,5,3,3,2,1,3,1,1,3,3,4,4,3,1,4,4,5,4,4,4,1,4,1,1,1,1,4,2,4,4,1,2,4,1,4,1,3,1,2,3,3,2
5444,2023-10-01T12:06:58Z,4,4,4,3,4,3,3,3,3,4,5,4,4,3,3,2,3,3,4,5,5,4,4,4,4,4,4,4,4,4,4,4,2,3,3,4,3,4,5,2,2,3,3,5,3,5,3,5,4,3,2
5446,2023-10-02T13:35:48Z,4,2,5,2,4,1,2,5,4,5,5,5,5,1,2,2,2,3,4,5,5,1,4,2,4,5,5,2,5,3,5,1,4,2,4,5,1,5,5,1,2,5,1,5,4,5,4,5,4,4,2
5447,2023-10-21T21:11:04Z,4,1,5,1,4,2,1,5,1,2,4,5,1,1,3,1,1,3,1,4,3,1,1,5,5,3,4,1,3,1,3,2,1,1,1,5,1,2,4,1,4,4,1,4,1,4,1,4,2,4,2
5448,2023-10-04T17:08:34Z,4,4,4,4,1,5,4,3,2,3,5,2,4,4,4,4,1,3,5,4,3,3,1,2,3,3,5,4,4,4,5,4,1,4,3,3,3,5,4,2,3,2,3,5,3,5,3,5,5,4,2
5449,2023-10-08T09:58:34Z,3,2,4,2,3,4,3,4,2,1,3,3,2,4,4,1,2,4,2,4,3,2,3,5,4,2,5,5,4,2,5,2,4,2,2,4,3,4,5,2,5,5,2,5,2,4,2,4,3,3,2
5456,2023-10-19T10:36:09Z,3,2,1,1,4,3,2,3,5,4,4,1,2,5,5,1,4,4,4,5,5,3,3,2,1,5,5,4,4,4,4,4,4,1,1,4,2,5,4,2,4,5,1,4,1,3,1,5,4,1,2
5470,2023-11-04T20:04:57Z,2,2,4,1,3,1,1,4,4,4,4,4,4,1,1,3,1,1,1,5,4,1,1,1,1,4,4,3,4,4,4,1,1,1,1,4,4,4,5,1,1,1,1,1,1,3,1,4,4,1,2
5473,2023-11-06T20:42:43Z,2,4,4,2,4,4,3,5,4,2,3,4,3,5,4,3,4,4,3,4,4,3,5,4,4,3,5,3,3,4,4,3,4,2,1,3,3,3,3,2,2,3,2,5,2,4,2,4,3,2,2
5474,2023-11-06T23:31:38Z,2,3,5,4,4,2,3,5,4,4,5,4,5,1,5,1,5,5,4,5,4,2,5,4,4,4,4,1,5,4,3,1,2,1,1,5,3,5,4,1,3,5,1,5,2,5,1,2,5,3,2
5477,2023-11-09T13:30:24Z,2,4,5,4,5,2,3,5,4,3,3,4,4,4,5,3,5,4,3,5,5,3,4,3,4,3,5,3,3,4,2,2,4,2,1,4,3,4,5,2,3,5,2,4,2,3,4,3,3,4,2
5486,2023-12-13T21:53:33Z,3,2,4,1,4,4,2,5,5,3,5,4,3,4,3,2,1,3,4,4,3,1,3,3,4,4,2,1,3,2,4,2,2,3,3,3,3,4,4,3,3,3,4,4,4,5,5,5,3,4,2
5489,2023-12-21T11:44:19Z,4,4,4,3,2,2,1,4,4,5,5,3,5,1,4,1,2,3,5,4,4,1,1,2,4,5,4,1,5,4,4,1,1,1,4,5,1,5,5,1,1,5,1,4,3,5,4,5,5,1,2
5493,2023-12-26T19:44:31Z,4,3,4,1,1,1,1,2,2,1,5,2,1,1,1,1,1,1,4,5,3,3,2,3,3,4,3,2,2,2,4,2,1,3,2,4,1,4,4,1,4,4,1,1,4,5,4,1,1,3,2
5497,2024-01-04T01:33:04Z,5,2,5,1,5,1,5,4,5,4,5,5,5,1,5,2,5,5,5,5,5,1,3,5,5,4,5,1,5,1,5,1,1,5,5,5,1,5,5,2,4,5,5,5,5,5,5,5,5,4,2
5499,2024-01-10T19:52:10Z,3,5,5,4,4,4,5,5,5,5,5,4,3,3,3,2,4,5,5,3,4,4,5,3,4,4,5,5,5,3,5,4,5,2,3,4,4,5,3,4,2,4,2,3,3,5,3,5,5,4,2
5501,2024-01-12T14:02:40Z,5,4,2,2,2,1,1,1,4,5,4,3,2,1,1,2,1,1,4,5,4,3,2,1,2,5,5,4,1,4,2,1,4,5,4,5,1,4,2,1,1,2,1,1,5,2,5,5,2,2,2
2208_2,2023-11-03T14:12:03Z,4,4,2,4,2,2,1,3,4,4,4,4,4,3,3,2,4,3,4,5,5,2,4,4,3,4,2,2,1,4,3,2,2,1,1,4,4,5,5,1,2,5,1,3,1,5,1,4,5,5,2
2209_2,2023-11-08T10:40:52Z,3,3,3,3,3,5,4,4,2,3,3,4,4,1,3,5,2,3,3,3,3,3,2,4,2,3,5,4,3,3,3,4,2,4,4,3,4,4,3,4,2,3,1,3,3,3,3,3,4,2,2
2231_2,2023-11-06T02:11:58Z,5,3,4,3,5,2,1,4,4,5,4,3,3,1,2,2,1,2,5,5,4,2,1,5,4,5,4,3,5,3,5,1,1,1,5,5,1,5,4,1,1,4,1,5,2,4,5,5,5,1,2
2266_2,2023-01-31T09:09:00Z,4,3,2,3,2,3,3,3,4,5,4,4,2,2,3,3,3,3,3,3,4,5,2,3,3,5,3,4,3,2,4,3,2,4,4,3,2,4,3,4,2,3,3,3,5,4,4,4,4,2,2
2267_2,2023-11-22T16:58:18Z,3,3,5,3,5,3,2,4,5,5,3,4,3,3,3,4,3,3,3,3,3,3,3,4,4,5,NA,3,4,3,4,3,3,2,3,4,3,5,3,4,3,5,2,5,4,2,4,3,4,3,2
2272_2,2022-12-25T21:21:09Z,2,4,4,3,5,4,5,4,3,2,2,3,4,5,5,4,4,4,4,4,4,4,5,2,4,2,5,2,5,4,2,4,4,4,1,3,4,4,4,4,4,2,3,5,3,2,2,3,4,5,2
2276_2,2023-12-28T14:38:56Z,5,4,4,5,5,2,2,3,3,4,4,5,4,5,4,3,3,3,3,3,4,4,3,5,4,4,3,4,3,4,3,3,5,3,5,4,4,4,4,3,2,4,3,3,3,4,3,3,4,3,2
2292_2,2023-11-03T13:01:21Z,3,4,4,4,3,5,4,4,2,2,2,3,2,3,5,5,3,5,2,2,2,5,4,4,4,2,3,5,3,4,4,4,4,4,1,3,5,1,1,4,5,2,4,3,2,2,3,2,2,5,2
2347_2,2023-11-16T14:40:05Z,2,4,3,4,2,3,2,3,3,4,3,3,2,2,2,2,2,3,3,4,3,3,3,4,4,5,4,2,4,4,4,2,2,4,2,5,3,4,4,4,1,4,3,2,4,4,4,4,4,1,2
2375_2,2023-11-24T16:53:03Z,2,2,5,2,4,4,4,3,4,2,5,4,3,5,4,3,4,4,1,3,4,3,5,5,4,2,5,3,5,3,4,4,3,2,2,4,3,3,3,3,4,3,2,5,NA,4,3,2,2,4,2
2535_2,2023-11-03T11:32:31Z,4,5,4,5,5,5,4,5,3,4,4,5,4,5,5,5,5,5,5,3,4,5,5,1,4,5,5,5,3,5,5,5,5,3,4,4,5,4,4,5,4,4,3,4,3,5,3,4,5,5,2
2718_2,2023-11-03T13:24:17Z,2,4,3,4,4,3,3,4,4,5,5,5,3,4,4,4,3,4,4,3,4,5,3,4,4,5,4,5,4,3,5,3,3,2,3,5,4,5,5,3,4,4,2,4,2,5,2,4,4,4,2
2794_2,2022-11-20T18:58:11Z,4,5,2,2,4,3,2,4,4,4,3,2,4,2,3,4,3,3,5,5,5,2,4,5,4,4,4,2,4,3,4,2,4,4,4,4,3,4,4,3,3,4,2,3,4,4,4,4,4,4,2
3093_2,2023-02-27T16:29:43Z,3,4,3,3,3,5,4,4,3,4,3,4,2,4,3,4,4,3,3,3,3,4,4,4,3,5,3,4,3,4,3,5,5,4,4,3,4,3,3,4,4,3,3,2,5,3,4,4,3,4,2
3446_2,2023-11-21T00:06:34Z,4,4,4,4,5,5,4,5,1,5,3,4,5,4,4,4,4,4,4,4,4,4,4,5,4,5,4,4,4,4,4,4,5,3,3,4,3,2,4,4,4,NA,4,4,4,3,3,5,4,4,2
3460_2,2022-12-12T16:28:25Z,4,3,4,2,3,3,3,4,5,5,5,3,4,3,4,3,4,4,5,3,4,4,4,4,4,4,3,4,4,4,4,3,2,2,4,4,3,5,5,2,2,4,2,4,4,5,4,4,5,4,2
3608_2,2023-12-05T15:09:59Z,4,4,2,3,2,3,2,4,3,4,3,3,4,4,4,5,4,4,4,3,5,4,3,4,3,5,4,3,2,4,5,4,3,2,5,5,4,4,4,3,3,3,2,5,4,4,3,4,4,4,2
3664_2,2023-11-09T15:30:49Z,4,3,2,NA,1,2,2,3,3,4,4,3,2,5,3,3,3,3,4,4,5,4,2,3,3,5,3,5,3,3,3,2,2,2,4,4,4,4,3,2,1,3,2,3,3,4,3,5,3,2,2
3876_2,2023-11-04T20:54:39Z,5,4,4,4,4,5,5,5,5,5,3,3,4,4,5,5,5,4,4,4,4,4,4,3,3,5,5,5,5,5,4,5,3,5,5,4,4,4,4,5,5,4,5,5,5,3,5,5,5,5,2
3937_2,2023-11-08T13:07:03Z,4,4,1,4,2,2,1,3,2,3,2,3,2,4,2,5,2,2,2,3,2,3,3,3,3,3,3,4,2,4,3,2,2,3,4,3,4,4,3,3,2,3,3,2,3,2,2,3,4,4,2
3941_2,2022-12-05T19:45:01Z,3,4,1,3,1,2,2,4,1,5,2,4,2,2,2,4,3,2,2,2,3,2,2,2,1,5,4,2,1,4,4,1,4,5,4,2,2,4,2,4,2,2,3,1,5,2,4,3,4,4,2
3960_2,2022-11-16T20:24:51Z,5,5,2,3,1,5,2,4,1,5,1,4,1,1,2,3,1,2,1,1,1,1,1,3,3,5,1,1,1,3,3,5,1,4,5,2,1,2,NA,5,1,1,5,1,5,1,5,3,1,4,2
4247_2,2023-01-18T10:07:12Z,3,3,5,2,3,2,2,3,4,3,4,3,3,3,4,3,3,3,4,4,4,4,3,3,4,4,4,4,4,3,3,2,3,3,3,4,4,4,4,2,3,3,3,3,3,4,3,3,3,3,2
4282_2,2022-09-14T18:47:15Z,3,5,5,2,4,4,2,5,5,5,5,4,5,5,3,3,3,1,3,4,5,3,1,5,5,5,4,5,4,5,4,2,3,5,3,5,5,5,4,2,5,3,3,4,3,4,3,3,5,4,2
4284_2,2023-05-26T13:34:04Z,3,4,5,4,5,4,4,5,2,3,3,5,3,2,4,5,4,4,3,3,5,1,4,3,3,4,5,1,5,5,4,3,4,4,2,4,4,3,2,5,5,3,3,5,3,4,2,4,2,1,2
4299_2,2022-11-02T19:40:12Z,3,4,2,3,1,5,2,5,1,5,2,4,3,4,3,3,3,4,4,2,3,4,3,3,2,5,4,3,2,4,4,4,3,4,4,3,4,2,2,3,4,2,4,2,5,4,4,3,4,3,2
4300_2,2023-02-06T20:12:50Z,3,4,2,4,3,4,4,4,4,4,3,2,3,3,3,3,4,4,3,3,3,5,3,2,2,4,3,5,2,4,2,2,2,3,3,3,3,3,3,3,3,2,3,2,3,3,3,4,4,3,2
4311_2,2023-01-19T12:27:40Z,3,5,3,3,3,5,5,5,5,3,4,1,4,2,3,3,5,3,4,2,5,1,4,3,1,4,4,1,2,5,4,4,4,3,2,2,4,5,4,5,4,4,3,2,4,4,4,4,5,4,2
4317_2,2023-02-11T22:42:29Z,3,3,1,3,1,3,4,3,5,5,4,1,4,3,3,3,5,3,4,3,5,1,4,1,2,4,4,2,3,3,5,4,4,5,4,4,4,5,4,4,4,5,3,2,2,4,4,4,5,5,2
4320_2,2023-02-18T15:17:21Z,3,4,3,4,4,2,2,5,3,3,3,4,3,3,4,4,3,3,3,3,4,3,4,3,4,4,3,3,4,4,4,3,3,3,3,3,3,4,3,4,3,2,3,4,2,3,3,3,4,3,2
4396_2,2023-12-22T08:54:37Z,3,5,5,5,5,5,5,5,3,5,4,4,4,5,4,3,4,3,5,4,4,4,5,5,4,5,4,5,4,5,5,5,5,4,5,5,5,4,5,5,5,5,4,4,4,4,4,4,4,5,2
4407_2,2023-06-19T13:12:32Z,5,2,2,3,4,2,2,5,5,5,5,4,2,1,2,3,2,2,1,3,4,4,3,4,4,5,4,5,4,3,3,1,2,3,5,4,3,5,3,1,2,4,2,3,5,5,5,4,5,3,2
4445_2,2023-02-21T12:52:14Z,4,5,4,5,4,4,4,5,5,4,4,2,5,3,4,4,5,4,5,4,5,2,5,2,2,4,5,2,5,5,4,4,2,4,4,4,5,5,4,5,4,4,4,5,4,5,4,4,5,4,2
4474_2,2023-02-20T17:25:54Z,2,2,3,1,3,3,3,3,2,3,2,3,2,2,2,3,3,3,3,3,3,2,1,3,3,3,3,2,4,2,2,2,2,3,2,3,1,3,2,2,3,3,3,3,2,2,2,2,2,3,2
4484_2,2023-11-19T20:41:05Z,4,5,3,4,4,3,3,4,3,3,4,5,4,4,5,4,4,4,4,4,5,5,5,4,4,3,4,4,4,5,4,4,5,3,3,4,5,4,4,5,4,4,3,4,4,4,4,4,4,5,2
4632_2,2023-02-21T16:58:08Z,3,2,2,1,3,2,2,4,3,3,2,3,3,3,3,4,3,3,3,3,4,2,1,3,3,3,3,3,3,2,3,2,2,3,2,3,1,3,3,2,3,3,3,4,3,3,3,3,3,3,2
4665_2,2023-06-06T14:18:27Z,3,3,4,3,4,4,4,3,2,5,4,3,4,4,4,4,4,4,4,4,4,5,3,4,4,5,4,5,3,3,3,3,4,3,3,5,5,5,4,4,4,4,3,4,3,4,3,4,4,5,2
4723_2,2023-02-28T15:47:48Z,2,3,4,2,3,4,4,4,4,3,3,4,3,2,2,4,3,2,4,2,2,2,4,3,3,4,4,3,4,4,2,2,5,3,4,3,4,4,3,5,2,3,3,3,4,3,3,3,4,4,2
4727_2,2023-02-27T19:49:25Z,1,4,2,3,2,4,3,2,3,4,3,4,3,3,3,3,3,2,3,3,3,4,3,3,3,4,2,4,3,4,2,4,2,3,3,3,4,3,3,2,3,3,3,2,4,3,4,4,3,3,2
4745_2,2023-06-08T20:28:54Z,3,NA,4,4,4,4,3,4,3,3,3,4,3,2,4,4,4,4,3,3,3,2,3,4,4,3,4,4,4,4,4,4,4,4,4,4,2,3,4,4,4,4,4,4,4,3,4,4,4,4,2
4768_2,2023-04-24T10:51:39Z,5,2,4,1,2,2,4,4,2,5,3,4,2,2,2,4,2,3,3,3,2,3,1,3,3,5,4,3,2,2,3,2,2,4,5,3,2,3,3,2,3,3,4,2,5,4,5,4,3,3,2
4771_2,2023-05-08T23:17:59Z,4,3,2,2,2,2,2,4,1,5,4,3,3,2,3,3,3,3,4,3,4,1,3,3,2,5,3,2,1,3,2,2,3,3,4,3,2,4,3,1,3,3,3,2,4,4,4,5,4,3,2
4773_2,2023-05-24T13:21:42Z,4,4,4,3,3,4,4,4,3,4,3,4,3,3,4,4,3,4,4,3,4,4,3,4,4,5,4,5,3,4,3,4,4,4,4,4,4,3,4,4,4,4,4,4,4,4,3,4,3,4,2
4776_2,2023-06-28T11:43:28Z,5,2,4,2,5,5,2,5,5,5,3,4,4,1,2,1,1,1,4,4,5,1,1,4,5,5,5,1,4,2,5,2,1,2,2,4,1,5,4,2,3,5,2,5,4,4,4,5,5,2,2
4783_2,2023-08-23T15:32:16Z,4,5,5,NA,5,4,3,4,4,5,4,4,4,4,4,5,5,4,4,3,4,4,4,4,4,5,4,5,4,5,4,4,5,4,4,4,5,4,3,4,4,4,3,4,4,4,4,5,5,4,2
4784_2,2023-06-26T21:31:40Z,5,5,5,5,5,5,5,5,5,5,5,5,5,4,5,5,5,4,5,5,5,5,5,5,5,5,5,5,5,5,5,5,4,5,5,5,5,5,5,5,5,5,5,5,5,5,5,5,5,5,2
4787_2,2023-06-13T12:47:24Z,2,5,5,5,5,5,5,3,5,3,4,5,3,3,4,5,5,5,3,4,4,5,5,5,5,2,5,5,5,5,5,5,5,5,3,4,5,5,5,5,5,5,5,5,4,5,4,5,5,5,2
4788_2,2023-06-13T16:32:31Z,5,3,2,2,2,4,3,3,4,5,4,3,2,1,2,4,2,4,4,3,3,1,1,2,3,5,2,1,2,3,3,3,3,2,4,4,1,5,4,2,2,4,2,2,4,4,4,4,4,2,2
4799_2,2023-07-01T18:14:28Z,3,3,5,2,5,4,4,4,2,2,3,4,3,5,4,4,4,4,1,4,5,4,5,5,5,2,5,3,5,3,5,4,3,2,3,2,1,4,4,3,4,4,3,5,2,4,1,1,3,4,2
4806_2,2023-07-11T07:47:03Z,3,3,5,3,4,4,2,4,2,4,4,4,4,2,3,4,3,3,4,4,5,4,3,3,4,4,5,4,5,3,4,3,4,3,3,5,3,5,5,3,4,4,3,5,3,5,3,5,5,3,2
4817_2,2023-08-04T11:19:26Z,4,4,5,4,3,3,4,4,4,5,5,3,5,3,4,5,5,5,5,5,5,5,4,2,2,5,5,5,3,4,4,4,5,4,5,3,3,4,4,4,3,3,4,3,5,5,5,5,5,3,2
4831_2,2023-09-11T11:44:07Z,5,4,4,4,4,2,2,4,4,5,3,2,2,4,3,5,3,3,3,2,4,5,2,4,4,5,4,5,4,4,4,2,2,4,4,4,4,3,4,2,5,4,4,4,4,4,4,4,4,5,2
4946_2,2023-09-11T20:49:47Z,3,4,4,3,4,3,3,4,3,3,3,3,4,4,3,3,4,3,4,4,4,4,4,3,4,4,4,4,4,4,4,3,5,2,2,4,5,4,4,3,3,3,3,4,3,4,2,3,3,3,2
4974_2,2023-09-11T12:53:41Z,5,3,4,3,4,3,4,4,4,4,3,3,2,2,2,4,2,2,2,3,2,2,2,4,3,4,4,2,5,3,5,4,2,4,3,4,2,5,3,4,3,4,4,4,4,3,4,3,4,2,2
5125_2,2023-11-03T11:27:27Z,3,4,3,4,5,4,4,3,3,5,4,3,4,2,3,4,3,4,4,3,4,2,3,3,2,5,5,2,4,4,4,3,5,3,3,4,3,4,4,4,2,4,4,4,3,4,3,4,4,4,2
5135_2,2023-09-14T20:50:49Z,3,4,4,2,3,2,4,3,5,4,3,4,4,2,3,4,4,4,4,5,4,5,2,3,4,3,3,5,3,4,3,2,3,2,2,4,3,5,4,2,2,4,2,3,2,4,2,4,5,4,2
5144_2,2023-09-20T18:08:06Z,4,4,1,4,2,3,2,4,4,4,2,4,2,4,4,3,2,4,3,3,2,4,4,1,4,4,4,4,4,4,3,2,5,2,3,3,4,4,3,3,3,4,3,4,4,2,4,4,4,3,2
5155_2,2023-09-15T14:25:37Z,4,3,4,4,5,3,2,4,4,4,3,4,4,2,3,4,3,3,4,4,3,4,3,4,4,4,4,3,4,4,4,2,4,2,3,4,3,4,4,3,3,4,2,4,3,4,3,3,4,4,2
5267_2,2023-09-19T08:33:56Z,1,4,3,4,3,5,4,1,1,3,1,2,1,2,5,3,3,4,1,1,4,1,4,2,3,5,4,5,4,4,4,5,3,3,1,4,4,3,1,5,3,3,3,4,4,1,3,1,1,1,2
5304_2,2023-09-22T19:20:37Z,4,3,5,3,4,4,5,4,4,4,4,4,4,4,5,4,4,5,5,3,4,3,4,4,4,5,4,4,4,3,5,5,3,4,4,4,3,4,4,4,4,5,4,5,4,5,3,4,4,4,2
5357_2,2023-09-29T07:12:52Z,2,4,4,4,3,5,4,3,2,2,2,2,2,4,5,5,5,5,3,2,2,4,3,3,4,3,4,4,4,4,4,5,3,5,2,2,4,2,2,5,5,NA,5,4,3,2,2,4,2,4,2
5401_2,2023-09-26T16:54:56Z,3,4,3,4,4,4,5,3,5,4,4,3,5,4,4,4,4,4,5,4,5,2,5,3,3,4,4,3,5,4,4,4,5,2,1,4,4,5,5,4,4,5,3,5,3,5,3,3,5,4,2
5407_2,2023-09-27T15:55:19Z,5,4,4,3,3,4,4,5,3,4,3,4,3,2,3,4,4,4,3,3,4,4,3,4,3,5,4,4,3,4,3,3,2,4,4,4,4,3,4,4,3,3,4,4,5,3,5,5,4,4,2
5489_2,2023-12-21T11:53:22Z,3,5,5,4,4,3,3,2,4,4,5,5,4,4,2,5,2,2,3,3,4,4,3,4,4,4,4,4,5,4,4,2,4,2,4,4,4,5,4,3,5,5,1,5,4,5,4,4,5,4,2
5493_2,2023-12-26T19:47:01Z,1,4,2,5,1,4,5,1,1,5,1,1,2,1,1,5,1,1,5,3,2,2,2,2,1,4,1,5,1,5,NA,4,1,4,3,2,3,3,3,5,3,2,2,2,5,3,2,2,2,2,2
5497_2,2024-01-04T01:35:04Z,5,4,2,4,1,5,5,3,5,5,4,3,4,4,4,5,4,4,4,4,5,4,4,2,2,5,4,4,4,4,5,5,4,5,5,4,4,4,4,5,5,4,5,4,5,4,5,5,5,4,2
2208_3,2023-11-03T14:13:54Z,4,5,3,5,1,5,1,4,4,4,4,4,3,1,3,2,2,2,4,4,4,1,4,3,4,4,2,1,1,4,2,4,1,1,1,5,4,5,4,4,2,4,1,3,1,5,3,3,5,5,2
2266_3,2023-01-31T09:11:02Z,3,3,3,3,3,4,4,3,2,3,3,4,4,3,4,4,4,NA,2,3,4,3,3,4,2,3,3,4,4,4,3,4,3,2,2,2,3,4,2,4,4,3,3,3,3,4,3,3,3,4,2
2267_3,2023-11-22T17:00:26Z,2,4,2,5,2,1,2,3,5,5,4,2,4,3,3,4,5,2,5,3,3,2,5,3,2,5,2,2,2,5,2,2,4,1,4,3,1,5,2,2,3,3,1,2,4,3,3,2,5,2,2
2272_3,2022-12-25T21:25:13Z,3,5,2,5,3,5,4,4,3,3,2,3,4,4,4,4,4,4,4,4,4,3,5,2,4,4,4,4,2,5,2,5,4,4,3,2,5,4,3,5,3,2,4,3,4,3,4,3,4,3,2
2276_3,2023-12-28T14:41:25Z,2,2,1,2,1,3,3,1,1,4,1,1,1,3,3,3,1,2,4,2,1,2,2,1,1,4,2,2,1,2,2,3,3,3,4,2,2,4,2,3,2,2,3,2,3,4,3,4,1,2,2
2292_3,2023-11-03T13:03:49Z,1,3,2,3,1,5,4,2,1,4,2,4,1,3,4,5,3,4,2,2,2,5,3,4,2,4,4,4,2,4,4,4,1,4,1,2,3,1,2,4,5,1,4,2,2,1,1,2,1,5,2
3446_3,2023-11-21T00:08:48Z,4,5,4,5,4,5,4,4,2,5,3,4,4,4,4,4,5,4,4,4,5,4,4,5,3,5,4,4,4,5,4,5,4,4,3,4,4,4,4,5,4,4,4,4,5,3,5,4,4,4,2
3937_3,2023-11-08T13:09:41Z,1,4,4,4,4,5,4,4,4,3,4,4,4,5,4,4,4,4,4,3,4,5,3,4,4,2,4,5,4,4,3,5,3,3,1,3,5,4,4,4,4,4,2,4,1,4,1,3,4,4,2
3960_3,2022-11-16T20:27:53Z,5,5,5,5,4,4,3,5,4,5,5,5,NA,NA,5,5,5,5,5,NA,NA,4,5,4,4,5,5,4,4,4,5,4,4,3,5,5,5,5,5,4,5,5,3,3,5,5,5,5,5,3,2
4407_3,2023-06-19T13:15:28Z,4,2,2,2,3,2,4,2,2,3,3,1,2,1,3,4,3,3,3,3,3,2,2,2,2,4,3,2,2,3,4,2,1,4,4,4,2,5,3,4,4,3,4,2,4,3,5,4,3,3,2
4474_3,2023-02-20T17:28:13Z,4,5,3,3,4,5,3,4,3,3,3,4,3,3,4,4,3,3,3,3,3,2,2,3,3,4,3,3,3,3,3,3,3,3,3,4,2,3,3,5,3,3,3,3,4,3,4,4,3,3,2
4632_3,2023-02-21T17:00:34Z,4,4,2,3,3,4,3,4,3,3,3,3,3,3,3,4,3,3,3,3,3,3,2,3,3,4,3,3,3,3,3,3,3,3,3,3,2,3,3,5,3,3,3,3,3,3,4,3,3,3,2
4773_3,2023-05-24T13:24:21Z,4,4,3,3,3,4,3,4,4,4,4,4,3,3,3,3,3,3,3,3,4,3,3,3,4,4,3,3,3,4,3,4,4,3,4,4,3,4,4,4,3,4,3,3,3,4,4,4,4,3,2
4806_3,2023-07-11T07:50:40Z,2,1,2,2,3,5,5,2,3,3,2,2,2,4,5,2,4,4,3,2,3,4,2,1,2,3,2,5,1,2,2,5,1,5,2,2,2,2,3,5,5,2,5,2,4,2,5,3,3,4,2
4831_3,2023-09-11T11:48:04Z,2,1,4,1,5,1,1,5,1,1,1,5,1,1,1,4,1,1,1,1,2,1,1,4,4,1,5,1,4,1,4,1,1,1,1,1,1,1,1,1,4,1,1,5,1,1,1,1,1,4,2
4946_3,2023-09-11T20:53:17Z,4,3,2,3,3,3,3,3,2,5,3,3,3,3,3,3,4,3,3,3,3,4,3,3,3,5,3,4,3,3,4,3,4,3,3,3,3,4,3,4,3,3,3,3,3,2,3,3,3,2,2
5125_3,2023-11-03T13:53:42Z,5,3,3,3,4,4,3,4,3,4,3,4,4,3,4,4,4,4,4,4,4,3,3,4,3,5,4,3,4,4,4,4,4,5,4,4,4,4,3,4,3,4,4,4,5,4,5,5,4,4,2
5144_3,2023-09-20T18:10:47Z,3,3,3,3,2,5,4,4,3,4,2,4,2,3,4,4,4,4,3,2,3,2,3,2,3,4,3,4,3,4,3,4,4,4,4,4,3,3,3,4,4,4,4,3,4,2,3,3,4,4,2
5304_3,2023-10-05T22:16:46Z,4,5,4,4,4,4,4,4,4,5,4,4,4,4,4,4,4,4,4,4,5,5,4,4,4,5,5,5,4,5,5,4,4,4,5,5,4,5,5,4,4,4,4,5,4,4,4,4,5,4,2
5407_3,2023-09-27T15:57:44Z,4,5,4,5,5,4,4,5,4,5,4,4,4,3,5,4,5,4,4,3,4,3,4,4,4,5,5,5,3,4,4,3,3,4,3,4,5,4,4,4,4,3,4,4,4,4,4,4,4,4,2
2208_4,2023-11-03T14:19:23Z,3,2,4,1,3,2,2,4,4,5,4,3,2,3,3,3,3,3,4,4,4,3,2,4,4,5,3,4,3,3,4,3,2,3,3,4,3,4,4,2,3,4,2,3,3,4,3,4,4,4,2
2272_4,2022-12-25T21:28:12Z,2,4,5,3,5,4,4,4,3,3,4,4,3,2,4,3,3,4,4,4,4,5,4,4,4,4,5,5,4,3,4,4,3,4,2,4,3,4,4,4,4,4,4,5,3,3,3,4,3,3,2
4407_4,2023-06-19T15:02:54Z,4,5,5,5,4,4,4,5,5,4,5,5,5,3,2,5,2,2,5,4,5,3,4,5,5,4,5,3,4,5,5,4,5,3,3,4,5,5,3,4,5,4,3,5,3,5,3,4,5,4,2
4474_4,2023-02-20T17:30:15Z,3,4,4,NA,4,3,3,4,3,3,3,4,3,4,3,3,3,3,3,3,3,3,2,3,3,4,4,3,2,3,3,2,3,3,3,3,2,3,3,4,3,3,3,3,3,3,3,3,3,3,2
4632_4,2023-02-21T17:02:34Z,3,3,3,2,4,3,3,4,3,3,3,4,3,3,3,3,3,3,3,4,3,3,2,3,4,4,4,3,3,3,3,2,4,3,3,4,3,3,3,2,3,4,3,3,3,3,3,3,3,3,2
4831_4,2023-09-11T11:50:48Z,3,3,4,2,4,4,4,4,2,4,3,4,2,2,2,3,2,2,2,2,4,4,2,4,4,4,3,4,3,4,4,2,2,2,2,4,2,3,3,3,3,3,3,3,4,3,4,4,3,3,2
5144_4,2023-09-20T18:13:22Z,4,4,4,4,4,4,3,2,3,5,3,3,3,4,5,4,3,4,3,3,2,4,3,2,4,5,3,4,3,4,3,4,4,4,3,4,3,3,2,3,2,3,3,3,4,2,4,4,4,3,2
5407_4,2023-09-27T15:59:50Z,4,5,4,5,5,4,4,5,3,4,4,4,4,4,5,5,5,5,3,3,4,4,4,4,4,5,5,5,4,5,5,3,3,3,3,4,5,4,4,5,4,3,3,4,4,4,4,4,4,4,2
2272_5,2022-12-25T21:31:26Z,4,4,3,3,4,2,2,4,4,5,4,4,3,3,2,4,3,3,4,4,4,4,3,4,4,5,4,4,3,2,3,2,3,3,4,4,3,4,3,3,2,5,3,4,4,3,4,4,4,3,2
